id,First Name,Last Name,Email,Profession,Date of Birth,City,Country,Date of Employment
100,Flo,Burnside,Flo.Burnside@yopmail.com,Geographer,23-10-1988,Quetzaltenango,Madagascar,2003-04-18
101,Aimil,Thunell,Aimil.Thunell@yopmail.com,Photographer,05-06-1986,Libreville,Nauru,2007-09-28
102,Rosanne,Simmonds,Rosanne.Simmonds@yopmail.com,Coroner,10-03-1986,Dodoma,Slovakia,2013-05-03
103,Lorie,Edison,Lorie.Edison@yopmail.com,Scientist,11-05-1989,Hanoi,Niue,2008-02-14
104,Viviene,Avi,Viviene.Avi@yopmail.com,Operator,05-03-1986,Málaga,Cambodia,2001-11-02
105,Dulce,Vary,Dulce.Vary@yopmail.com,Author,14-02-1977,Dallas,Bermuda,2004-10-09
106,Corina,Percy,Corina.Percy@yopmail.com,Pianist,11-01-1973,Mendoza,American Samoa,2017-02-13
107,Vinita,Gordon,Vinita.Gordon@yopmail.com,Priest,05-04-1985,Mandurah,Pitcairn,2017-06-18
108,Evita,Alabaster,Evita.Alabaster@yopmail.com,Painter,25-06-1975,Fredericton,American Samoa,2017-11-13
109,Marsiella,Carri,Marsiella.Carri@yopmail.com,Electrician,26-05-1976,Detroit,Grenada,2019-08-21
110,Clary,Bach,Clary.Bach@yopmail.com,Economist,26-01-1978,Assis,Lebanon,2020-06-18
111,Sandie,Brenn,Sandie.Brenn@yopmail.com,Laundress,28-01-1970,Dubai,Burundi,2017-12-28
112,Deedee,Izaak,Deedee.Izaak@yopmail.com,Jailer,08-11-1986,Nouméa,Oman,2007-08-13
113,Elka,Pozzy,Elka.Pozzy@yopmail.com,Scuba diver,01-10-1981,Kaesong,Croatia,2013-08-01
114,Tabbatha,Jeanne,Tabbatha.Jeanne@yopmail.com,Grocer,20-02-1972,Warsaw,Grenada,2000-10-29
115,Dale,Margret,Dale.Margret@yopmail.com,Entrepreneur,02-09-1978,Bogor,"Palestinian Territory, Occupied",2008-06-02
116,Hannis,Luhe,Hannis.Luhe@yopmail.com,Cardiologist,13-10-1977,Serekunda,Bouvet Island,2018-05-18
117,Rivalee,Gale,Rivalee.Gale@yopmail.com,Babysitter,05-05-1982,Tegucigalpa,Viet Nam,2011-10-09
118,Lyssa,Amasa,Lyssa.Amasa@yopmail.com,Artist,27-07-1970,Tripoli,Bangladesh,2002-12-23
119,Nananne,Lanita,Nananne.Lanita@yopmail.com,Grocer,17-07-1976,New Orleans,Japan,2004-03-10
120,Blinni,An,Blinni.An@yopmail.com,Videographer,18-07-1988,Nagoya,Swaziland,2016-01-22
121,Riannon,Durante,Riannon.Durante@yopmail.com,Publisher,24-03-1979,Darwin,Malaysia,2002-04-09
122,Konstance,Pacorro,Konstance.Pacorro@yopmail.com,Mechanic,05-07-1974,Cannes,Tunisia,2005-10-15
123,Olivette,Drus,Olivette.Drus@yopmail.com,Student,30-12-1989,Seville,United Kingdom,2012-10-01
124,Tera,Audly,Tera.Audly@yopmail.com,Vicar,16-06-1980,Maracaibo,Pakistan,2011-11-22
125,Livvyy,Kauppi,Livvyy.Kauppi@yopmail.com,Publisher,07-06-1983,Chihuahua,Svalbard and Jan Mayen,2020-08-05
126,Sheelagh,Gower,Sheelagh.Gower@yopmail.com,Exterminator,20-06-1977,Vaduz,Sri Lanka,2019-03-27
127,Sheree,Ardra,Sheree.Ardra@yopmail.com,Surgeon,17-12-1986,Barcelona,Bhutan,2007-04-20
128,Feliza,Secrest,Feliza.Secrest@yopmail.com,Referee,10-06-1975,Maceió,Kuwait,2014-08-30
129,Sashenka,Riva,Sashenka.Riva@yopmail.com,Financier,21-02-1989,Boston,Cook Islands,2004-02-06
130,Amii,Jagir,Amii.Jagir@yopmail.com,Football player,20-06-1989,Funafuti,Gibraltar,2001-04-01
131,Mamie,Monaco,Mamie.Monaco@yopmail.com,Waiter,04-03-1976,Yokohama,Russian Federation,2004-06-14
132,Hannis,Karylin,Hannis.Karylin@yopmail.com,Writer,10-03-1981,Konya,Spain,2015-07-30
133,Gui,Tryck,Gui.Tryck@yopmail.com,Tennis player,19-06-1971,Saint-Pierre,Reunion,2003-07-21
134,Zsa Zsa,Ralfston,Zsa Zsa.Ralfston@yopmail.com,Florist,29-01-1986,Brikama,"Congo, The Democratic Republic of the",2006-12-01
135,Brynna,Ivens,Brynna.Ivens@yopmail.com,Smith,31-12-1974,Hai Phong,Serbia and Montenegro,2006-02-21
136,Edyth,Lacombe,Edyth.Lacombe@yopmail.com,Actor,11-11-1979,Fukuoka,Sudan,2013-05-17
137,Katuscha,Barney,Katuscha.Barney@yopmail.com,Midwife,28-01-1989,Stockholm,Qatar,2012-10-06
138,Lizzie,Vilma,Lizzie.Vilma@yopmail.com,Trader,04-09-1973,Papeete,Trinidad and Tobago,2010-01-04
139,Jany,Ciapas,Jany.Ciapas@yopmail.com,Violinist,23-04-1979,Chihuahua,Niger,2003-10-08
140,Joane,Sammons,Joane.Sammons@yopmail.com,Florist,09-06-1983,Paramaribo,Angola,2012-04-20
141,Cassondra,Katrine,Cassondra.Katrine@yopmail.com,Cobbler,15-02-1972,Damascus,Montserrat,2004-02-16
142,Blondelle,Ardeha,Blondelle.Ardeha@yopmail.com,Librettist,25-06-1985,Papeete,"Taiwan, Province of China",2019-11-26
143,Valera,Blake,Valera.Blake@yopmail.com,Student,28-01-1976,Seville,Aruba,2015-03-07
144,Janenna,Jaylene,Janenna.Jaylene@yopmail.com,Rancher,11-01-1971,Jamestown,"Micronesia, Federated States of",2007-04-01
145,Linet,Maxi,Linet.Maxi@yopmail.com,Artist,14-03-1981,Bratsk,Kiribati,2014-10-04
146,Valli,Vernier,Valli.Vernier@yopmail.com,Caregiver,24-02-1989,Cairns,Japan,2016-06-18
147,Max,Chabot,Max.Chabot@yopmail.com,Astronaut,28-05-1973,Vatican City,Czech Republic,2011-08-02
148,Antonietta,Erminia,Antonietta.Erminia@yopmail.com,Cryptographer,20-05-1976,Charlotte Amalie,Jamaica,2003-01-21
149,Carree,Demitria,Carree.Demitria@yopmail.com,Miner,09-01-1979,Peshawar,Antarctica,2005-08-12
150,Jaime,Hessler,Jaime.Hessler@yopmail.com,Financier,24-01-1984,Charlotte Amalie,Guinea-Bissau,2001-12-17
151,Starla,Lymann,Starla.Lymann@yopmail.com,Caregiver,11-07-1974,Castries,Turks and Caicos Islands,2021-10-24
152,Deane,Agle,Deane.Agle@yopmail.com,Captain,30-10-1976,Suez,Cyprus,2004-04-01
153,Karlee,Delp,Karlee.Delp@yopmail.com,Receptionist,07-07-1971,Lyon,Mozambique,2020-08-17
154,Margette,Othilia,Margette.Othilia@yopmail.com,Courier,10-08-1979,Jersey City,Oman,2017-04-02
155,Helsa,Si,Helsa.Si@yopmail.com,Retiree,14-05-1976,Dallas,Aruba,2020-08-16
156,Oralee,Monaco,Oralee.Monaco@yopmail.com,Real estate agent,02-12-1979,Saint Petersburg,New Caledonia,2017-03-24
157,Donnie,Tryck,Donnie.Tryck@yopmail.com,Zoologist,19-08-1976,Pelotas,Guinea-Bissau,2015-04-26
158,Cherilyn,Giff,Cherilyn.Giff@yopmail.com,Ambassador,19-12-1978,Yekaterinburg,Saint Pierre and Miquelon,2002-09-15
159,Alleen,Moseley,Alleen.Moseley@yopmail.com,Caterer,02-08-1988,Ahmedabad,Cyprus,2017-02-15
160,Ekaterina,Whiffen,Ekaterina.Whiffen@yopmail.com,Laundress,08-02-1981,Qingdao,South Africa,2004-08-01
161,Nanete,Baudin,Nanete.Baudin@yopmail.com,Surgeon,19-10-1977,Dresden,Antigua and Barbuda,2000-08-19
162,Viviene,Birdella,Viviene.Birdella@yopmail.com,Librettist,21-11-1988,Kawasaki,Malta,2010-05-19
163,Roslyn,Smitt,Roslyn.Smitt@yopmail.com,Actress,10-07-1989,Surat Thani,Tokelau,2005-09-19
164,Aili,Kamaria,Aili.Kamaria@yopmail.com,Interpreter,28-10-1971,Kawasaki,Sweden,2006-04-14
165,Hayley,Charmine,Hayley.Charmine@yopmail.com,Laborer,30-08-1983,Srinagar,Northern Mariana Islands,2000-06-02
166,Lelah,Cosenza,Lelah.Cosenza@yopmail.com,Astronaut,26-01-1981,Monrovia,Nauru,2003-06-06
167,Britni,Beniamino,Britni.Beniamino@yopmail.com,Senator,26-03-1987,Perm,Nauru,2008-02-25
168,Gavrielle,Joachim,Gavrielle.Joachim@yopmail.com,Actress,15-06-1983,Amsterdam,Senegal,2018-05-11
169,Belinda,Carey,Belinda.Carey@yopmail.com,Notary,03-07-1973,Abu Dhabi,Guinea,2005-05-16
170,Ericka,Kat,Ericka.Kat@yopmail.com,Mechanic,24-12-1978,Doha,"Micronesia, Federated States of",2010-04-25
171,Priscilla,Roxanna,Priscilla.Roxanna@yopmail.com,Deputy,02-02-1972,Ilhéus,Denmark,2007-07-21
172,Clementine,Uund,Clementine.Uund@yopmail.com,Accountant,22-12-1981,Singapore,Nigeria,2012-05-05
173,Lizzie,Glenden,Lizzie.Glenden@yopmail.com,Referee,05-02-1986,Sapporo,Cape Verde,2010-12-24
174,Kirbee,Havens,Kirbee.Havens@yopmail.com,Financier,28-02-1987,Blantyre,Chad,2019-11-07
175,Elsie,Beebe,Elsie.Beebe@yopmail.com,Street sweeper,08-07-1976,Helsinki,Belize,2001-12-29
176,Viki,Andrel,Viki.Andrel@yopmail.com,Percussionist,10-07-1974,Guwahati,New Zealand,2017-05-11
177,Florencia,Reinke,Florencia.Reinke@yopmail.com,Manufacturer,26-05-1987,Podgorica,RWANDA,2003-07-25
178,Dorice,Fabiola,Dorice.Fabiola@yopmail.com,Musician,07-05-1978,Tucson,Poland,2007-12-06
179,Tatiania,Modie,Tatiania.Modie@yopmail.com,Architect,16-07-1985,Iqaluit,Guinea-Bissau,2017-06-10
180,Helena,Vacuva,Helena.Vacuva@yopmail.com,Counselor,25-09-1976,Kathmandu,Samoa,2012-07-13
181,Dyann,Lareena,Dyann.Lareena@yopmail.com,Salesperson,23-09-1981,Kawasaki,Bouvet Island,2004-10-25
182,Carree,Pip,Carree.Pip@yopmail.com,Laundress,23-11-1988,Xi'an,Cambodia,2006-07-28
183,Georgetta,Gower,Georgetta.Gower@yopmail.com,Samurai,14-01-1984,Invercargill,Madagascar,2012-10-08
184,Hallie,Carey,Hallie.Carey@yopmail.com,Driver,06-09-1987,Maseru,Bolivia,2005-02-20
185,Beverley,Bahr,Beverley.Bahr@yopmail.com,Concierge,14-10-1975,Lhasa,Slovakia,2000-03-30
186,Petronia,Skell,Petronia.Skell@yopmail.com,Instructor,19-01-1989,Nice,Venezuela,2004-07-21
187,Michaelina,Capello,Michaelina.Capello@yopmail.com,Jockey,02-08-1974,Invercargill,Sweden,2007-01-11
188,Halette,Percy,Halette.Percy@yopmail.com,Jester,14-03-1987,Durban,Equatorial Guinea,2008-12-22
189,Roseline,Milson,Roseline.Milson@yopmail.com,Scout,31-05-1985,Weno,Bahrain,2001-12-27
190,Oona,Georgy,Oona.Georgy@yopmail.com,Waitress,21-09-1979,Leeds,"Lao People""S Democratic Republic",2011-07-24
191,Kylynn,Sawtelle,Kylynn.Sawtelle@yopmail.com,Calligrapher,27-02-1988,Hargeisa,Guinea-Bissau,2009-12-13
192,Dulce,Christine,Dulce.Christine@yopmail.com,Accountant,02-07-1972,Düsseldorf,Chile,2002-08-09
193,Anestassia,Amand,Anestassia.Amand@yopmail.com,Chemist,22-02-1986,Minneapolis,Haiti,2003-11-05
194,Fidelia,Cutlerr,Fidelia.Cutlerr@yopmail.com,Bus driver,18-05-1983,Pontianak,Niue,2017-08-31
195,Amelia,Si,Amelia.Si@yopmail.com,Referee,23-02-1988,Wuhan,Svalbard and Jan Mayen,2019-07-06
196,Cyb,Berl,Cyb.Berl@yopmail.com,Composer,30-11-1981,Hanover,Burkina Faso,2020-08-18
197,Lyssa,Morehouse,Lyssa.Morehouse@yopmail.com,Lecturer,21-11-1980,Dongguan,Equatorial Guinea,2004-04-30
198,Eadie,Merriott,Eadie.Merriott@yopmail.com,Soldier,30-09-1970,Luxor,Spain,2000-07-27
199,Allis,Cavan,Allis.Cavan@yopmail.com,Physician,27-06-1982,Cleveland,Ghana,2012-09-25
200,Cassondra,Hoban,Cassondra.Hoban@yopmail.com,Football player,03-11-1989,Bangkok,Sudan,2017-04-14
201,Hannis,Anis,Hannis.Anis@yopmail.com,Hunter,11-11-1971,Valletta,Grenada,2006-01-21
202,Xylina,Wattenberg,Xylina.Wattenberg@yopmail.com,Grocer,23-04-1983,Nassau,Iraq,2007-04-20
203,Pollyanna,Chandler,Pollyanna.Chandler@yopmail.com,Mail carrier,29-05-1979,Pyongyang,Venezuela,2005-03-27
204,Dagmar,Fosque,Dagmar.Fosque@yopmail.com,Zoologist,06-02-1970,Palikir,Costa Rica,2012-03-30
205,Keelia,Cyrie,Keelia.Cyrie@yopmail.com,Welder,26-03-1974,Charlotte,Japan,2015-07-23
206,Selia,Autrey,Selia.Autrey@yopmail.com,Interpreter,26-03-1983,Surabaya,Thailand,2006-02-27
207,Sophia,Kendrick,Sophia.Kendrick@yopmail.com,Inventor,24-08-1983,Banjul,Finland,2010-03-13
208,Rosanne,Barrus,Rosanne.Barrus@yopmail.com,Driver,08-01-1970,Tagbilaran,Panama,2016-04-22
209,Pollyanna,Marlie,Pollyanna.Marlie@yopmail.com,Entrepreneur,05-04-1973,Port Said,Italy,2009-04-10
210,Selia,Crudden,Selia.Crudden@yopmail.com,Tour guide,26-12-1974,Malacca Town,Austria,2007-05-16
211,Paulita,Land,Paulita.Land@yopmail.com,Nurse,31-12-1981,Fort-de-France,Iceland,2007-01-25
212,Steffane,Loring,Steffane.Loring@yopmail.com,Pathologist,02-12-1976,Vilnius,Gambia,2017-03-16
213,Ethel,Daegal,Ethel.Daegal@yopmail.com,Radiologist,02-12-1975,Casablanca,United Arab Emirates,2004-03-04
214,Norine,Laverne,Norine.Laverne@yopmail.com,Jockey,23-08-1987,Macau,Denmark,2009-04-10
215,Rhoda,Sperling,Rhoda.Sperling@yopmail.com,Warrior,05-02-1985,Algiers,Macao,2016-06-13
216,Cristine,Alejoa,Cristine.Alejoa@yopmail.com,Tax collector,18-05-1987,Chongqing,Turkey,2003-06-03
217,Brianna,Kenwood,Brianna.Kenwood@yopmail.com,Receptionist,04-01-1981,Malabo,Ethiopia,2015-04-16
218,Hannis,Lea,Hannis.Lea@yopmail.com,Typist,09-08-1976,Chengdu,Italy,2002-03-27
219,Vevay,Ulphia,Vevay.Ulphia@yopmail.com,Educator,16-12-1986,Moroni,Canada,2015-11-07
220,Dari,Gordon,Dari.Gordon@yopmail.com,Trash collector,21-10-1985,Pontianak,Turks and Caicos Islands,2019-05-27
221,Harrietta,Pacorro,Harrietta.Pacorro@yopmail.com,Laborer,14-11-1987,Chengdu,Sudan,2010-02-26
222,Verla,Capello,Verla.Capello@yopmail.com,Priest,25-11-1970,Ottawa,Netherlands,2005-02-15
223,Audrie,Ader,Audrie.Ader@yopmail.com,Gardener,12-11-1971,Bratislava,Mali,2015-12-22
224,Ricky,Warthman,Ricky.Warthman@yopmail.com,Astronomer,03-10-1985,Naples,Palau,2012-07-05
225,Lauryn,Lane,Lauryn.Lane@yopmail.com,Pathologist,14-07-1972,Luanda,"Cote D""Ivoire",2013-03-30
226,Gwyneth,Dowski,Gwyneth.Dowski@yopmail.com,Watchmaker,21-11-1980,Nassau,Guernsey,2005-06-06
227,Wynne,Newell,Wynne.Newell@yopmail.com,Internist,28-10-1978,Gaborone,Bahrain,2010-09-10
228,Kylynn,Dearborn,Kylynn.Dearborn@yopmail.com,Politician,06-12-1986,Hilo,Saint Pierre and Miquelon,2007-09-03
229,Kayla,Schalles,Kayla.Schalles@yopmail.com,Ranger,03-11-1987,Siem Reap,Sao Tome and Principe,2008-01-21
230,Christal,Irmine,Christal.Irmine@yopmail.com,Police,01-11-1983,Suva,Botswana,2018-07-21
231,Adelle,Milson,Adelle.Milson@yopmail.com,Magician,12-09-1984,Bamako,Lebanon,2014-03-12
232,Corry,Gwenore,Corry.Gwenore@yopmail.com,Ballet dancer,19-02-1981,Nukuʻalofa,Kuwait,2012-07-06
233,Tomasina,Hailee,Tomasina.Hailee@yopmail.com,Pilot,08-12-1989,Adelaide,Finland,2002-03-22
234,Ellette,Harriman,Ellette.Harriman@yopmail.com,,06-02-1974,Banjul,Ghana,2003-09-03
235,Belva,Philoo,Belva.Philoo@yopmail.com,Jailer,28-11-1977,Sarajevo,Pakistan,2018-01-19
236,Nariko,Clie,Nariko.Clie@yopmail.com,Housewife,20-08-1980,Belmopan,Philippines,2007-10-19
237,Marjie,Narton,Marjie.Narton@yopmail.com,Entertainer,02-11-1978,Mbabane,New Zealand,2021-02-21
238,Nanete,Eiser,Nanete.Eiser@yopmail.com,Calligrapher,04-10-1989,Douglas,Jamaica,2012-01-26
239,Cindelyn,Jacobah,Cindelyn.Jacobah@yopmail.com,Veterinarian,12-10-1971,Nukuʻalofa,Grenada,2006-04-05
240,Danny,Yoko,Danny.Yoko@yopmail.com,Intern,22-03-1974,Hat Yai,Trinidad and Tobago,2020-09-19
241,Augustine,Ashok,Augustine.Ashok@yopmail.com,Courier,17-04-1971,Hagåtña,Bahrain,2009-12-26
242,Ardeen,Hartnett,Ardeen.Hartnett@yopmail.com,Weaver,19-04-1986,Harare,Ethiopia,2004-10-11
243,Catrina,Durware,Catrina.Durware@yopmail.com,Laundress,01-06-1979,Maceió,Kyrgyzstan,2013-01-06
244,Sissy,Ezar,Sissy.Ezar@yopmail.com,Boxer,22-01-1985,Anadyr (town),Faroe Islands,2002-11-20
245,Gerianna,Erb,Gerianna.Erb@yopmail.com,Scientist,01-07-1985,San Juan,Reunion,2010-06-23
246,Patricia,Corilla,Patricia.Corilla@yopmail.com,Chemist,17-08-1980,Curitiba,Singapore,2004-06-03
247,Ernesta,Abram,Ernesta.Abram@yopmail.com,Grocer,31-03-1988,Freetown,Viet Nam,2006-05-15
248,Clarice,Durware,Clarice.Durware@yopmail.com,Entrepreneur,31-03-1973,Edinburgh,Uruguay,2013-01-10
249,Dode,Hanshaw,Dode.Hanshaw@yopmail.com,Tutor,07-10-1979,Mexico City,Hong Kong,2019-03-01
250,Lonnie,Dulciana,Lonnie.Dulciana@yopmail.com,Coach,19-05-1971,Kaliningrad,Bahrain,2021-11-17
251,Maye,Natica,Maye.Natica@yopmail.com,Workman,21-06-1984,Vancouver,Seychelles,2005-08-07
252,Esmeralda,Nickola,Esmeralda.Nickola@yopmail.com,Paleontologist,20-01-1976,Bangalore,India,2021-10-23
253,Queenie,Kiyoshi,Queenie.Kiyoshi@yopmail.com,Coroner,25-09-1971,Kawasaki,Saint Lucia,2002-11-05
254,Brynna,Pernick,Brynna.Pernick@yopmail.com,Accountant,15-04-1979,Guangzhou,United Kingdom,2009-10-25
255,Diena,Jacobah,Diena.Jacobah@yopmail.com,Accountant,13-08-1971,George Town,Malawi,2008-09-30
256,Halette,Huggins,Halette.Huggins@yopmail.com,Veterinarian,13-11-1976,Bilbao,Senegal,2001-05-25
257,Rosanne,Halla,Rosanne.Halla@yopmail.com,Researcher,20-12-1979,South Tarawa,Mali,2015-11-13
258,Nadine,Vale,Nadine.Vale@yopmail.com,Park ranger,15-12-1987,Córdoba,Sierra Leone,2012-09-13
259,Elfreda,Rhu,Elfreda.Rhu@yopmail.com,Engineer,25-09-1987,Kaliningrad,Uzbekistan,2001-11-13
260,Zondra,Susannah,Zondra.Susannah@yopmail.com,Cryptographer,06-06-1981,Tamale,Afghanistan,2021-01-25
261,Mignon,Sabella,Mignon.Sabella@yopmail.com,,14-03-1981,Quito,Christmas Island,2006-09-28
262,Raquela,Paton,Raquela.Paton@yopmail.com,Workman,16-03-1986,Lubumbashi,Namibia,2009-03-23
263,Emmey,Brotherson,Emmey.Brotherson@yopmail.com,Photographer,14-02-1983,Nagpur,Gabon,2002-09-14
264,Molli,Orlene,Molli.Orlene@yopmail.com,Inventor,27-05-1988,Santo Domingo,Kyrgyzstan,2014-12-03
265,Shandie,Adlare,Shandie.Adlare@yopmail.com,Archer,11-09-1983,Buenos Aires,Bahrain,2014-10-20
266,Patricia,Cleo,Patricia.Cleo@yopmail.com,Samurai,16-09-1971,Kabul,Senegal,2007-12-22
267,Elmira,Prouty,Elmira.Prouty@yopmail.com,Diver,29-06-1977,Mashhad,Bhutan,2020-12-20
268,Christy,Naor,Christy.Naor@yopmail.com,Pharmacist,23-01-1971,Chengdu,Germany,2010-06-22
269,Consuela,Belldas,Consuela.Belldas@yopmail.com,Astronomer,04-05-1981,Houston,Cocos (Keeling) Islands,2015-07-02
270,Gratia,Colp,Gratia.Colp@yopmail.com,Street sweeper,07-07-1978,Salt Lake City,Haiti,2003-11-18
271,Candy,Wenoa,Candy.Wenoa@yopmail.com,Interpreter,30-06-1970,Enugu,Italy,2019-07-21
272,Cassondra,MacIntosh,Cassondra.MacIntosh@yopmail.com,Harpist,18-06-1984,Rawalpindi,Somalia,2018-04-23
273,Rhea,Colbert,Rhea.Colbert@yopmail.com,Miner,31-05-1978,Athens,Marshall Islands,2000-07-15
274,Malina,Orpah,Malina.Orpah@yopmail.com,Nun,07-04-1970,Gaborone,Haiti,2014-07-17
275,Abbie,Luhe,Abbie.Luhe@yopmail.com,Saxophonist,06-12-1984,Kyoto,Saint Pierre and Miquelon,2017-09-23
276,Melodie,Dermott,Melodie.Dermott@yopmail.com,Babysitter,10-10-1978,Caracas,Gabon,2019-11-03
277,Dale,Pettiford,Dale.Pettiford@yopmail.com,Street sweeper,21-10-1979,Chişinău,Guinea,2002-10-17
278,Alyda,Kress,Alyda.Kress@yopmail.com,Architect,29-12-1981,Tskhinvali,Samoa,2020-07-25
279,Miquela,Chapland,Miquela.Chapland@yopmail.com,Musician,27-06-1970,Sapporo,Benin,2009-07-23
280,Jordan,Idelia,Jordan.Idelia@yopmail.com,Therapist,25-10-1973,Kansas City,Hungary,2012-11-02
281,Tarra,Felecia,Tarra.Felecia@yopmail.com,Financier,14-06-1976,Toulouse,Tokelau,2003-08-31
282,Mariele,Truc,Mariele.Truc@yopmail.com,Explorer,04-06-1972,Chaguanas,Nepal,2014-04-11
283,Jany,Pattin,Jany.Pattin@yopmail.com,Architect,19-09-1986,Tashkent,Cameroon,2016-01-07
284,Tomasina,Mitzi,Tomasina.Mitzi@yopmail.com,Novelist,28-09-1989,Kaliningrad,Guadeloupe,2013-09-20
285,Kaia,Delila,Kaia.Delila@yopmail.com,Butler,06-05-1977,Punta Arenas,"Virgin Islands, U.S.",2018-03-11
286,Ilse,Swanhildas,Ilse.Swanhildas@yopmail.com,Cryptographer,27-06-1976,Alexandria,Timor-Leste,2000-07-18
287,Cristabel,Heisel,Cristabel.Heisel@yopmail.com,Notary,18-05-1973,Istanbul,Greenland,2003-02-13
288,Leontine,Constancy,Leontine.Constancy@yopmail.com,Psychologist,22-03-1984,Tiraspol,AndorrA,2001-09-10
289,Lynnea,Earlie,Lynnea.Earlie@yopmail.com,Singer,29-11-1988,Málaga,Sudan,2007-09-12
290,Frieda,Lorenz,Frieda.Lorenz@yopmail.com,Stockbroker,15-08-1985,Tamale,Kuwait,2012-04-03
291,Kittie,Dyche,Kittie.Dyche@yopmail.com,Ecologist,01-09-1970,Bursa,Kiribati,2011-03-20
292,Lesly,Stilwell,Lesly.Stilwell@yopmail.com,Astronaut,13-06-1974,Riyadh,Ghana,2016-10-13
293,Barbi,Leonard,Barbi.Leonard@yopmail.com,Financier,31-01-1985,Charlotte Amalie,New Caledonia,2016-09-02
294,Morganica,Graig,Morganica.Graig@yopmail.com,Banker,27-05-1979,Dar es Salaam,Niue,2013-06-06
295,Dennie,Guthrie,Dennie.Guthrie@yopmail.com,Priest,14-10-1989,Honolulu,Fiji,2002-03-12
296,Cherilyn,Dreda,Cherilyn.Dreda@yopmail.com,Sheriff,09-03-1982,Cologne,Jamaica,2004-05-28
297,Philis,Garek,Philis.Garek@yopmail.com,Chemist,17-05-1980,Malmö,Eritrea,2004-04-23
298,Joceline,Gwenore,Joceline.Gwenore@yopmail.com,Harpist,20-10-1982,Antwerp,Bangladesh,2010-05-23
299,Genovera,Wareing,Genovera.Wareing@yopmail.com,Author,26-09-1979,Bishkek,Ireland,2007-08-19
300,Kimberley,Agle,Kimberley.Agle@yopmail.com,Workman,26-09-1988,Lomé,Azerbaijan,2019-05-19
301,Noelle,Afton,Noelle.Afton@yopmail.com,Actor,21-04-1979,Udon Thani,Gibraltar,2015-06-20
302,Therine,Eiser,Therine.Eiser@yopmail.com,Workman,18-07-1972,Manaus,Cyprus,2005-11-29
303,Emelina,Vorster,Emelina.Vorster@yopmail.com,Biologist,26-05-1984,Abu Dhabi,Trinidad and Tobago,2019-08-17
304,Stephanie,Gillan,Stephanie.Gillan@yopmail.com,Performer,24-04-1982,Manaus,Seychelles,2011-09-29
305,Louella,Junie,Louella.Junie@yopmail.com,Custodian,18-05-1982,Medellín,Comoros,2000-05-23
306,Mignon,Kronfeld,Mignon.Kronfeld@yopmail.com,Lyricist,15-10-1980,Tashkent,United States,2017-12-13
307,Dulce,Alwin,Dulce.Alwin@yopmail.com,Diver,22-08-1983,Rabat,Azerbaijan,2017-10-24
308,Alie,Parette,Alie.Parette@yopmail.com,Woodcarver,20-08-1973,Pittsburgh,France,2001-07-20
309,Juliane,Alarise,Juliane.Alarise@yopmail.com,Therapist,09-03-1979,Guadalajara,Greenland,2015-08-05
310,Karina,Grimbly,Karina.Grimbly@yopmail.com,Deputy,01-09-1985,Shigatse,Israel,2019-02-01
311,Flo,Mullane,Flo.Mullane@yopmail.com,Student,11-11-1988,Port Elizabeth,Mayotte,2001-04-11
312,Cathyleen,Hirsch,Cathyleen.Hirsch@yopmail.com,Samurai,16-01-1989,Panama City,Gabon,2019-05-02
313,Ernesta,Idelia,Ernesta.Idelia@yopmail.com,Director,08-04-1986,Dhaka,Fiji,2014-10-15
314,Selia,Gemini,Selia.Gemini@yopmail.com,Reporter,03-11-1974,Indianapolis,Nigeria,2020-02-29
315,Maryellen,Kannry,Maryellen.Kannry@yopmail.com,Hairdresser,16-09-1987,Campinas,Myanmar,2018-05-17
316,Lucy,Milde,Lucy.Milde@yopmail.com,Swimmer,09-07-1986,Managua,Iraq,2012-07-12
317,Emylee,Niles,Emylee.Niles@yopmail.com,Judge,20-04-1971,Santiago,Ethiopia,2017-03-08
318,Clementine,Fiann,Clementine.Fiann@yopmail.com,Astronomer,12-03-1971,New Orleans,Paraguay,2006-04-28
319,Emma,Nicoline,Emma.Nicoline@yopmail.com,Clergyman,22-12-1971,Ludhiana,Finland,2012-01-04
320,Shell,Allare,Shell.Allare@yopmail.com,Hairdresser,21-04-1977,Birkirkara,Marshall Islands,2008-04-10
321,Evaleen,Minetta,Evaleen.Minetta@yopmail.com,Tour guide,02-06-1977,Detroit,Sierra Leone,2019-06-16
322,Rivalee,Rosemary,Rivalee.Rosemary@yopmail.com,Biologist,18-01-1972,Yakutsk,Cyprus,2014-09-23
323,Bill,Anyah,Bill.Anyah@yopmail.com,Jester,22-06-1984,Raleigh,Macao,2012-02-20
324,Tani,Raul,Tani.Raul@yopmail.com,Scientist,20-07-1971,San Francisco,Mali,2001-08-15
325,Julieta,Mehalek,Julieta.Mehalek@yopmail.com,Videographer,16-04-1979,Nairobi,Cook Islands,2008-06-28
326,Hallie,Lissi,Hallie.Lissi@yopmail.com,Scuba diver,04-02-1980,Cayenne,American Samoa,2001-02-06
327,Amelia,Gunn,Amelia.Gunn@yopmail.com,Caregiver,27-01-1980,Omsk,Australia,2015-11-24
328,Ardenia,Thad,Ardenia.Thad@yopmail.com,Fisherman,16-10-1970,Bogor,United Kingdom,2001-06-05
329,Natka,Annabella,Natka.Annabella@yopmail.com,Violinist,29-07-1986,Munich,Martinique,2009-01-03
330,Gwenneth,Francyne,Gwenneth.Francyne@yopmail.com,Manufacturer,10-08-1979,Lilongwe,Nepal,2017-09-10
331,Doro,Orpah,Doro.Orpah@yopmail.com,Instructor,10-12-1975,Brazzaville,Anguilla,2014-04-03
332,Devina,Brenn,Devina.Brenn@yopmail.com,Entrepreneur,16-07-1980,Colombo,Liechtenstein,2002-01-12
333,Meriel,Trace,Meriel.Trace@yopmail.com,Veteran,09-03-1975,Boa Vista,Brazil,2003-02-21
334,Marline,Lemuela,Marline.Lemuela@yopmail.com,Exterminator,16-10-1982,Blantyre,Armenia,2000-12-17
335,Mariann,Ovid,Mariann.Ovid@yopmail.com,Chauffeur,19-04-1982,Cincinnati,Panama,2003-12-14
336,Corene,Justinn,Corene.Justinn@yopmail.com,Diver,19-06-1981,Sitka,Kiribati,2014-12-12
337,Joceline,Laverne,Joceline.Laverne@yopmail.com,Zookeeper,27-04-1985,Campinas,Romania,2021-06-26
338,Lynea,Payson,Lynea.Payson@yopmail.com,Internist,06-06-1978,Liverpool,Swaziland,2018-07-16
339,Rani,Dreda,Rani.Dreda@yopmail.com,Midwife,24-02-1980,Concepción,Aruba,2003-05-02
340,Joeann,Isacco,Joeann.Isacco@yopmail.com,Office worker,12-10-1988,Montevideo,Western Sahara,2011-01-24
341,Monika,Couture,Monika.Couture@yopmail.com,Clergyman,05-11-1989,Copenhagen,Saint Lucia,2018-01-28
342,Lanae,Bultman,Lanae.Bultman@yopmail.com,Zoologist,21-07-1985,St. Louis,Saint Pierre and Miquelon,2006-01-25
343,Korrie,Ummersen,Korrie.Ummersen@yopmail.com,Weaver,24-03-1970,Jaipur,Lithuania,2015-11-10
344,Odessa,Berard,Odessa.Berard@yopmail.com,Captain,07-12-1984,Perth,Faroe Islands,2018-12-10
345,Emma,Hoban,Emma.Hoban@yopmail.com,Caregiver,03-05-1983,Kuwait City,Aruba,2015-01-18
346,Eolanda,Chrystel,Eolanda.Chrystel@yopmail.com,Animator,08-11-1974,Iquique,"Cote D""Ivoire",2013-05-24
347,Carolina,Goerke,Carolina.Goerke@yopmail.com,Artist,24-08-1977,Fairbanks,Mauritania,2019-08-08
348,Marjie,Baylor,Marjie.Baylor@yopmail.com,Engineer,02-10-1978,Philadelphia,Timor-Leste,2005-03-07
349,Jeanna,Trey,Jeanna.Trey@yopmail.com,Illustrator,17-10-1979,Nagoya,Kuwait,2010-07-28
350,Feliza,Ahab,Feliza.Ahab@yopmail.com,Landlord,24-07-1974,Nassau,Libyan Arab Jamahiriya,2009-08-15
351,Ottilie,Engdahl,Ottilie.Engdahl@yopmail.com,Bartender,23-07-1981,Bamako,Poland,2021-01-19
352,Lusa,O'Neill,Lusa.O'Neill@yopmail.com,Retiree,20-05-1980,Jerusalem,Central African Republic,2017-05-03
353,Yetty,Greyson,Yetty.Greyson@yopmail.com,Babysitter,18-09-1981,Cartagena,Israel,2014-11-04
354,Benita,Buffum,Benita.Buffum@yopmail.com,Detective,12-08-1988,Rockhampton,Benin,2002-02-02
355,Margarette,Karl,Margarette.Karl@yopmail.com,Navigator,20-11-1986,Winnipeg,Libyan Arab Jamahiriya,2004-06-18
356,Roxane,Oscar,Roxane.Oscar@yopmail.com,Composer,05-07-1978,Saipan,Gabon,2008-04-01
357,Sophia,Adore,Sophia.Adore@yopmail.com,Zoologist,29-07-1971,Seattle,United Arab Emirates,2006-12-24
358,Jessamyn,Graig,Jessamyn.Graig@yopmail.com,Technician,17-08-1985,Turin,Colombia,2013-11-26
359,Danika,Janith,Danika.Janith@yopmail.com,Housewife,23-06-1978,Colombo,Colombia,2008-01-16
360,Layla,Maroney,Layla.Maroney@yopmail.com,Astronomer,12-10-1981,Buenos Aires,Australia,2007-10-30
361,Tamqrah,Kendrick,Tamqrah.Kendrick@yopmail.com,Chauffeur,16-07-1976,San Salvador,Tunisia,2008-02-18
362,Keelia,Love,Keelia.Love@yopmail.com,Auctioneer,19-11-1975,Christchurch,Central African Republic,2016-08-01
363,Paola,Stanwood,Paola.Stanwood@yopmail.com,Laborer,02-06-1980,Abu Dhabi,Lesotho,2005-07-02
364,Fred,Brittani,Fred.Brittani@yopmail.com,Pilot,23-04-1987,Omsk,Romania,2000-03-14
365,Margalo,Helve,Margalo.Helve@yopmail.com,Valet,18-05-1988,Chittagong,Tuvalu,2006-08-17
366,Rhoda,Strephon,Rhoda.Strephon@yopmail.com,Warden,05-04-1985,Athens,Senegal,2000-04-28
367,Johna,Rodmann,Johna.Rodmann@yopmail.com,Paramedic,06-08-1988,Mexico City,Australia,2021-09-17
368,Thalia,Noelyn,Thalia.Noelyn@yopmail.com,Catcher,03-07-1985,Murmansk,Benin,2014-02-15
369,Donetta,Sothena,Donetta.Sothena@yopmail.com,Doctor,20-03-1970,Brazzaville,Viet Nam,2014-10-25
370,Florencia,Wallis,Florencia.Wallis@yopmail.com,Landlord,02-09-1980,Chennai,South Georgia and the South Sandwich Islands,2011-03-15
371,Allyce,Ovid,Allyce.Ovid@yopmail.com,Mechanic,13-05-1988,Rome,Saint Vincent and the Grenadines,2005-11-06
372,Nannie,Roumell,Nannie.Roumell@yopmail.com,Journalist,03-08-1986,Weno,Bahamas,2009-05-27
373,Konstance,Tengdin,Konstance.Tengdin@yopmail.com,Bus driver,08-10-1974,Leeds,Marshall Islands,2008-10-12
374,Berta,Dex,Berta.Dex@yopmail.com,Sailor,11-03-1983,Pelotas,Niue,2003-08-03
375,Sean,Marlie,Sean.Marlie@yopmail.com,Veterinarian,11-03-1973,Milwaukee,Chile,2007-05-19
376,Kimmy,Morehouse,Kimmy.Morehouse@yopmail.com,Actress,07-02-1980,Mbabane,Malta,2001-03-26
377,Donetta,Pattin,Donetta.Pattin@yopmail.com,Gardener,19-01-1971,Abidjan,South Georgia and the South Sandwich Islands,2001-05-21
378,Tilly,Georgy,Tilly.Georgy@yopmail.com,Truck driver,26-05-1981,Cartagena,Latvia,2018-06-12
379,Sallie,Kalinda,Sallie.Kalinda@yopmail.com,Waitress,28-01-1974,Forked River,Sweden,2012-01-13
380,Merry,Trinetta,Merry.Trinetta@yopmail.com,Babysitter,12-04-1980,Mexicali,Belgium,2005-11-04
381,Sophia,Pernick,Sophia.Pernick@yopmail.com,Receptionist,18-05-1987,Turin,Bosnia and Herzegovina,2016-07-13
382,Kirstin,Claudine,Kirstin.Claudine@yopmail.com,Miner,01-09-1988,El Paso,Bahrain,2012-01-28
383,Basia,Aldric,Basia.Aldric@yopmail.com,Singer,26-06-1978,Douala,Australia,2007-07-10
384,Hermione,Vale,Hermione.Vale@yopmail.com,Babysitter,25-04-1983,Lucknow,Morocco,2008-07-20
385,Cherrita,Ferino,Cherrita.Ferino@yopmail.com,Nutritionist,29-06-1978,Conakry,Anguilla,2014-04-07
386,Ana,Infield,Ana.Infield@yopmail.com,Boxer,19-03-1974,Saskatoon,Philippines,2021-03-27
387,Christal,Natica,Christal.Natica@yopmail.com,Coroner,28-09-1979,Damascus,Slovenia,2015-06-17
388,Berget,O'Rourke,Berget.O'Rourke@yopmail.com,Saleswoman,28-12-1984,Nukus,Chad,2012-11-03
389,Elbertina,Chauncey,Elbertina.Chauncey@yopmail.com,Internist,29-04-1973,Perth,"Macedonia, The Former Yugoslav Republic of",2017-09-18
390,Lolita,Caitlin,Lolita.Caitlin@yopmail.com,Sailor,09-07-1985,San Francisco,"Cote D""Ivoire",2014-05-03
391,Lita,Dermott,Lita.Dermott@yopmail.com,Journalist,17-09-1985,Miami,Tunisia,2020-09-28
392,Alia,Aldric,Alia.Aldric@yopmail.com,Swimmer,10-10-1975,Andorra la Vella,Lithuania,2021-09-16
393,Brandise,Haymes,Brandise.Haymes@yopmail.com,Coroner,29-07-1972,Chişinău,Congo,2004-07-11
394,Christy,Hutchison,Christy.Hutchison@yopmail.com,Cardiologist,24-09-1989,Durango,Ethiopia,2010-07-16
395,Max,Lareena,Max.Lareena@yopmail.com,Explorer,05-03-1981,Los Angeles,Northern Mariana Islands,2019-02-21
396,Andeee,Plato,Andeee.Plato@yopmail.com,Investigator,26-11-1983,Tampere,Dominican Republic,2011-08-13
397,Imojean,Reneta,Imojean.Reneta@yopmail.com,Coroner,21-01-1970,Honolulu,Northern Mariana Islands,2016-02-05
398,Lexine,Sasnett,Lexine.Sasnett@yopmail.com,Cryptographer,26-04-1977,Strasbourg,Isle of Man,2017-12-30
399,Evaleen,Olnee,Evaleen.Olnee@yopmail.com,Biologist,23-01-1980,Tórshavn,Tokelau,2018-05-30
400,Goldie,Ortrude,Goldie.Ortrude@yopmail.com,Treasurer,24-04-1979,Tegucigalpa,Gibraltar,2002-02-26
401,Michaelina,Naor,Michaelina.Naor@yopmail.com,Trader,12-10-1978,Yangon,Aruba,2011-04-22
402,Carree,Girardo,Carree.Girardo@yopmail.com,,01-07-1987,Nagoya,Botswana,2015-12-01
403,Dorice,Wenoa,Dorice.Wenoa@yopmail.com,Teacher,09-09-1982,Houston,Northern Mariana Islands,2012-05-04
404,Hildegaard,August,Hildegaard.August@yopmail.com,Pediatrician,18-12-1986,Kuching,Estonia,2001-05-25
405,Nollie,Ivens,Nollie.Ivens@yopmail.com,Fisherman,04-06-1989,Tiraspol,Russian Federation,2005-04-04
406,Constance,Ventre,Constance.Ventre@yopmail.com,Ballet dancer,17-10-1973,Oklahoma City,Poland,2018-03-14
407,Brianna,Maples,Brianna.Maples@yopmail.com,Inventor,07-07-1984,Rochester,Fiji,2018-04-16
408,Binny,Schroth,Binny.Schroth@yopmail.com,Cab driver,14-01-1989,Edmonton,El Salvador,2008-06-13
409,Eadie,Tiffa,Eadie.Tiffa@yopmail.com,Pathologist,15-07-1979,Vladivostok,New Zealand,2014-03-31
410,Dacia,Hathaway,Dacia.Hathaway@yopmail.com,Nutritionist,22-06-1970,Porto Velho,Slovenia,2019-10-10
411,Lyssa,Henebry,Lyssa.Henebry@yopmail.com,Landlord,11-01-1988,Graz,Antigua and Barbuda,2001-07-21
412,Christal,Quent,Christal.Quent@yopmail.com,Bookkeeper,08-04-1970,Shillong,Poland,2014-10-18
413,Sindee,Joeann,Sindee.Joeann@yopmail.com,Pawnbroker,30-05-1971,Managua,Palau,2013-07-17
414,Glenda,Concha,Glenda.Concha@yopmail.com,Ophthalmologist,03-04-1986,Stuttgart,Barbados,2017-01-10
415,Aimil,Fadiman,Aimil.Fadiman@yopmail.com,Florist,25-12-1978,Oklahoma City,Turkmenistan,2014-02-19
416,Rubie,Joseph,Rubie.Joseph@yopmail.com,Postman,05-07-1972,Vientiane,India,2004-12-16
417,Nollie,Cimbura,Nollie.Cimbura@yopmail.com,Paramedic,12-02-1974,Yogyakarta (city),Gibraltar,2007-07-15
418,Paola,Ciro,Paola.Ciro@yopmail.com,Detective,14-03-1987,Damascus,Saudi Arabia,2013-12-29
419,Elsie,Arvo,Elsie.Arvo@yopmail.com,Geneticist,06-06-1983,New York City,"Taiwan, Province of China",2001-10-04
420,Cherilyn,Whittaker,Cherilyn.Whittaker@yopmail.com,Zoologist,12-05-1974,Bucharest,Holy See (Vatican City State),2001-03-11
421,Deedee,Haerr,Deedee.Haerr@yopmail.com,Pharmacist,20-08-1978,Philadelphia,Aruba,2013-01-28
422,Kelly,Mata,Kelly.Mata@yopmail.com,Paramedic,14-11-1978,Abidjan,Guinea,2005-02-21
423,Amii,Goddard,Amii.Goddard@yopmail.com,Football player,03-06-1978,Charlotte Amalie,Kyrgyzstan,2016-01-09
424,Ricky,Anderea,Ricky.Anderea@yopmail.com,Baseball player,07-10-1984,Cork (city),India,2021-02-13
425,Ivett,Helve,Ivett.Helve@yopmail.com,Ornithologist,29-03-1972,Buffalo,Denmark,2003-05-02
426,Kate,Lewes,Kate.Lewes@yopmail.com,Cryptographer,06-07-1971,Aberdeen,Somalia,2013-04-17
427,Karina,Egbert,Karina.Egbert@yopmail.com,Clergyman,12-12-1978,Bishkek,Saint Helena,2016-11-04
428,Pierette,Hedve,Pierette.Hedve@yopmail.com,Butler,18-06-1981,Pune,Egypt,2004-05-14
429,Sissy,Shama,Sissy.Shama@yopmail.com,Retiree,17-12-1974,Anadyr (town),El Salvador,2005-03-14
430,Emelina,Mendez,Emelina.Mendez@yopmail.com,Locksmith,21-06-1980,Assis,Guam,2011-10-03
431,Catrina,Haymes,Catrina.Haymes@yopmail.com,Inventor,21-04-1978,Tel Aviv,Guyana,2015-08-29
432,Betta,Giule,Betta.Giule@yopmail.com,Referee,24-08-1977,Lusaka,Central African Republic,2001-07-11
433,Merle,Smitt,Merle.Smitt@yopmail.com,Captain,25-03-1985,Libreville,France,2002-12-27
434,Abbie,Katrine,Abbie.Katrine@yopmail.com,Firefighter,25-02-1988,Tiraspol,Norway,2018-09-04
435,Carol-Jean,Marlie,Carol-Jean.Marlie@yopmail.com,Captain,28-12-1974,Jayapura,Mali,2015-10-18
436,Janis,Minetta,Janis.Minetta@yopmail.com,Courier,25-08-1970,Chennai,Svalbard and Jan Mayen,2010-07-13
437,Rebeca,Smitt,Rebeca.Smitt@yopmail.com,Diver,19-04-1978,Nuuk,Panama,2003-08-18
438,Shannah,Gibbeon,Shannah.Gibbeon@yopmail.com,Attorney,19-04-1974,New Delhi,"Macedonia, The Former Yugoslav Republic of",2006-10-09
439,Linet,Dimitris,Linet.Dimitris@yopmail.com,Gemcutter,19-09-1976,Kharkiv,Cape Verde,2012-05-15
440,Christy,Tamar,Christy.Tamar@yopmail.com,Custodian,08-10-1988,Valencia,"Korea, Republic of",2011-08-26
441,Melina,Leonard,Melina.Leonard@yopmail.com,Housewife,08-03-1989,Mwanza,South Georgia and the South Sandwich Islands,2012-11-19
442,Blondelle,Wenoa,Blondelle.Wenoa@yopmail.com,Senator,14-08-1980,Madrid,Timor-Leste,2000-01-29
443,Kittie,Dalli,Kittie.Dalli@yopmail.com,Park ranger,25-07-1979,London,Nepal,2003-01-06
444,Bertine,Crudden,Bertine.Crudden@yopmail.com,Chemist,26-02-1980,Fortaleza,"Iran, Islamic Republic Of",2002-09-01
445,Molli,Nore,Molli.Nore@yopmail.com,Driver,29-06-1974,Rosario,Greece,2018-02-08
446,Gavrielle,Silvan,Gavrielle.Silvan@yopmail.com,Waiter,20-11-1985,Nuuk,Malaysia,2018-10-19
447,Gaylene,Magnolia,Gaylene.Magnolia@yopmail.com,Animator,05-12-1988,Jinan,Angola,2007-02-26
448,Lexine,Constancy,Lexine.Constancy@yopmail.com,Instructor,28-05-1988,Berlin,Christmas Island,2014-07-06
449,Shel,Sandye,Shel.Sandye@yopmail.com,Accountant,27-07-1973,Ambon,Chile,2016-02-27
450,Binny,Olin,Binny.Olin@yopmail.com,Cellist,21-08-1983,Vaduz,Netherlands Antilles,2000-05-03
451,Robinia,Penelopa,Robinia.Penelopa@yopmail.com,Pathologist,17-02-1982,Taichung,"Tanzania, United Republic of",2004-07-19
452,Layla,Tiffa,Layla.Tiffa@yopmail.com,Videographer,27-10-1982,Zanzibar City,Northern Mariana Islands,2008-10-16
453,Wilma,Hepsibah,Wilma.Hepsibah@yopmail.com,Street sweeper,01-01-1987,São Tomé,Qatar,2020-07-17
454,Kaia,Buffum,Kaia.Buffum@yopmail.com,Percussionist,13-01-1988,Calgary,Costa Rica,2014-02-16
455,Belinda,Argus,Belinda.Argus@yopmail.com,Garbage man,11-09-1988,Kabul,Lesotho,2010-02-13
456,Edith,Freddi,Edith.Freddi@yopmail.com,Waiter,10-04-1972,Dublin,Palau,2015-07-02
457,Marnia,Valerio,Marnia.Valerio@yopmail.com,Valet,28-04-1975,Stuttgart,Brunei Darussalam,2020-07-17
458,Joane,Wolfgram,Joane.Wolfgram@yopmail.com,Senator,13-10-1978,Iqaluit,Panama,2004-10-15
459,Kerrin,Nerita,Kerrin.Nerita@yopmail.com,Lawyer,26-02-1986,Guayaquil,Lebanon,2005-07-29
460,Frank,Merna,Frank.Merna@yopmail.com,Importer,29-09-1986,Taipei,Sao Tome and Principe,2011-07-09
461,Elise,Wesle,Elise.Wesle@yopmail.com,Welder,27-04-1988,Qingdao,Malawi,2002-02-06
462,Heddie,Beebe,Heddie.Beebe@yopmail.com,Waitress,30-12-1988,Shanghai,Peru,2008-10-31
463,Aaren,Duwalt,Aaren.Duwalt@yopmail.com,Chemist,25-09-1970,Aarhus,Mali,2000-01-08
464,Moyna,Reneta,Moyna.Reneta@yopmail.com,Warrior,14-11-1988,Anadyr (town),American Samoa,2013-10-30
465,Maridel,Magnolia,Maridel.Magnolia@yopmail.com,Custodian,15-04-1971,İzmir,United States,2015-08-08
466,Wynne,Penelopa,Wynne.Penelopa@yopmail.com,Firefighter,29-09-1986,Stockholm,Italy,2017-03-29
467,Petronia,Yusuk,Petronia.Yusuk@yopmail.com,Detective,13-10-1989,Hong Kong,Australia,2020-06-12
468,Abbie,Bettine,Abbie.Bettine@yopmail.com,Golfer,16-04-1978,Honolulu,Viet Nam,2007-03-02
469,Pierette,Mandler,Pierette.Mandler@yopmail.com,Accountant,08-06-1989,Odessa,Iraq,2009-08-24
470,Jasmina,Ries,Jasmina.Ries@yopmail.com,Cryptographer,11-01-1988,Montreal,United Kingdom,2021-07-11
471,Desirae,Ralfston,Desirae.Ralfston@yopmail.com,Ranger,25-07-1984,Chennai,Mozambique,2010-11-19
472,Edee,Candy,Edee.Candy@yopmail.com,Seamstress,11-03-1983,Nagpur,Jordan,2006-07-16
473,Janenna,Astra,Janenna.Astra@yopmail.com,Tailor,22-11-1970,Cardiff,Turkey,2016-09-23
474,Lindie,Alva,Lindie.Alva@yopmail.com,Cobbler,10-06-1979,Cebu City,Heard Island and Mcdonald Islands,2012-03-01
475,Jerry,Cadmar,Jerry.Cadmar@yopmail.com,Chef,03-08-1970,Salzburg,Saint Lucia,2020-04-30
476,Rochette,Yuille,Rochette.Yuille@yopmail.com,Boxer,16-04-1983,Barranquilla,Turkmenistan,2016-04-30
477,Berta,Sabella,Berta.Sabella@yopmail.com,Ophthalmologist,28-07-1984,Nagoya,Estonia,2019-03-03
478,Averyl,Roumell,Averyl.Roumell@yopmail.com,Gatherer,16-08-1970,Gibraltar,"Korea, Republic of",2019-09-21
479,Ida,Madox,Ida.Madox@yopmail.com,Drummer,25-11-1989,Saint-Denis,Brazil,2003-10-15
480,Candi,Dom,Candi.Dom@yopmail.com,Welder,05-04-1973,Chittagong,Saint Lucia,2015-03-05
481,Stephanie,Fancie,Stephanie.Fancie@yopmail.com,Stockbroker,16-09-1984,Maracaibo,Malawi,2007-02-27
482,Pierette,Secrest,Pierette.Secrest@yopmail.com,Writer,23-09-1973,Chuí,Senegal,2009-03-18
483,Darlleen,Bouchard,Darlleen.Bouchard@yopmail.com,Real estate agent,15-02-1970,Stuttgart,Paraguay,2020-09-04
484,Sean,Bendick,Sean.Bendick@yopmail.com,Journalist,19-01-1982,Wichita,Belgium,2007-05-24
485,Katuscha,Garrison,Katuscha.Garrison@yopmail.com,Jester,20-02-1973,Alexandria,Israel,2017-09-09
486,Emylee,Sophronia,Emylee.Sophronia@yopmail.com,Entrepreneur,25-06-1979,Birkirkara,Guinea,2020-03-18
487,Wynne,Magnolia,Wynne.Magnolia@yopmail.com,Clerk,14-11-1986,Caracas,Albania,2017-05-04
488,Mahalia,Alrich,Mahalia.Alrich@yopmail.com,Quarterback,30-05-1984,Namangan,Belize,2006-07-28
489,Ellette,Center,Ellette.Center@yopmail.com,Housewife,04-12-1971,Jinan,Czech Republic,2004-10-19
490,Mildrid,Bearnard,Mildrid.Bearnard@yopmail.com,Cobbler,29-06-1977,Luxembourg (city),Oman,2000-05-10
491,Amara,Eliathas,Amara.Eliathas@yopmail.com,Driver,13-02-1985,Nagoya,Jersey,2010-03-14
492,Beth,Center,Beth.Center@yopmail.com,Singer,19-01-1983,Lanzhou,French Southern Territories,2005-01-04
493,Lolita,Ranjiv,Lolita.Ranjiv@yopmail.com,Taxidermist,17-08-1984,Zanzibar City,Czech Republic,2018-11-08
494,Allis,Huggins,Allis.Huggins@yopmail.com,Bookkeeper,07-05-1976,Kunming,"Taiwan, Province of China",2000-02-12
495,Kittie,Harned,Kittie.Harned@yopmail.com,Coroner,21-08-1976,Kanpur,Oman,2017-07-19
496,Angelique,Jalbert,Angelique.Jalbert@yopmail.com,Receptionist,18-05-1982,Chuí,Egypt,2013-08-29
497,Tiffie,Clarissa,Tiffie.Clarissa@yopmail.com,Caregiver,28-06-1985,Magadan,Ecuador,2021-05-24
498,Sibella,Peonir,Sibella.Peonir@yopmail.com,Pianist,29-07-1972,Funafuti,Guinea-Bissau,2004-06-20
499,Jorry,Annice,Jorry.Annice@yopmail.com,Doctor,03-02-1970,Harbin,"Korea, Republic of",2002-11-06
500,Andree,Daegal,Andree.Daegal@yopmail.com,Gemcutter,03-04-1986,City of San Marino,Jersey,2015-03-26
501,Miquela,Judye,Miquela.Judye@yopmail.com,Waiter,09-07-1986,Antananarivo,"Taiwan, Province of China",2015-07-12
502,Madelle,Laurianne,Madelle.Laurianne@yopmail.com,Nurse,10-02-1978,City of Halifax,Bahrain,2010-09-17
503,Farrah,Leffen,Farrah.Leffen@yopmail.com,Florist,23-07-1972,Hargeisa,Dominican Republic,2014-06-22
504,Clarice,Niles,Clarice.Niles@yopmail.com,Office worker,30-11-1975,N'Djamena,Switzerland,2003-05-10
505,Sashenka,Fancie,Sashenka.Fancie@yopmail.com,Programmer,25-02-1980,Sri Jayawardenapura-Kotte,Barbados,2012-01-06
506,Konstance,Graig,Konstance.Graig@yopmail.com,Pope,20-11-1973,Gibraltar,Indonesia,2011-01-05
507,Rebeca,Lenny,Rebeca.Lenny@yopmail.com,Doorman,24-03-1971,Los Angeles,Papua New Guinea,2005-10-20
508,Mireielle,Tomasina,Mireielle.Tomasina@yopmail.com,Accountant,29-06-1974,Nassau,Barbados,2013-04-19
509,Lolita,Kolnick,Lolita.Kolnick@yopmail.com,Gemcutter,10-10-1986,Bogotá,Belgium,2016-05-08
510,Mariann,Jena,Mariann.Jena@yopmail.com,Instructor,10-06-1976,Munich,Kazakhstan,2014-05-21
511,Estell,Faro,Estell.Faro@yopmail.com,Nun,07-02-1987,Valencia,Iraq,2005-06-23
512,Allyce,Allys,Allyce.Allys@yopmail.com,Tour guide,20-11-1980,Denver,Heard Island and Mcdonald Islands,2003-11-16
513,Mireielle,Leffen,Mireielle.Leffen@yopmail.com,Retailer,03-02-1988,Buffalo,Algeria,2016-09-14
514,Tori,Gemini,Tori.Gemini@yopmail.com,Photographer,28-06-1976,Yaoundé,"Iran, Islamic Republic Of",2008-01-13
515,Selma,Corrine,Selma.Corrine@yopmail.com,Retiree,06-06-1986,Kingstown,Argentina,2010-11-12
516,Jinny,Hewitt,Jinny.Hewitt@yopmail.com,Truck driver,12-10-1985,Las Palmas de Gran Canaria,Saint Vincent and the Grenadines,2013-10-15
517,Amara,Peonir,Amara.Peonir@yopmail.com,Firefighter,08-07-1975,Macau,El Salvador,2016-10-08
518,Aimil,Ciapas,Aimil.Ciapas@yopmail.com,Custodian,21-06-1978,Kaesong,France,2005-08-07
519,Jasmina,Melan,Jasmina.Melan@yopmail.com,Quarterback,09-03-1985,Shijiazhuang,Malaysia,2016-05-07
520,Inga,Kosey,Inga.Kosey@yopmail.com,Writer,06-08-1981,Tampere,Poland,2000-06-15
521,Ingrid,Kalinda,Ingrid.Kalinda@yopmail.com,Manager,05-05-1978,Jaipur,Greenland,2011-05-05
522,Phedra,Jacinda,Phedra.Jacinda@yopmail.com,Entomologist,26-07-1978,Sri Jayawardenapura-Kotte,San Marino,2020-03-04
523,Etta,Mathilde,Etta.Mathilde@yopmail.com,Pope,30-06-1976,Vatican City,Armenia,2014-09-19
524,Britte,Federica,Britte.Federica@yopmail.com,Linguist,27-08-1978,San Antonio,Malawi,2012-05-31
525,Addia,Autrey,Addia.Autrey@yopmail.com,Geographer,28-03-1979,Gibraltar,Hong Kong,2020-01-29
526,Korrie,Norrie,Korrie.Norrie@yopmail.com,Smith,29-11-1987,Da Nang,Maldives,2013-01-13
527,Rosaline,Bendick,Rosaline.Bendick@yopmail.com,Baseball player,27-04-1978,Harbin,Bangladesh,2013-08-11
528,Jaclyn,Klotz,Jaclyn.Klotz@yopmail.com,Jailer,23-06-1989,Podgorica,New Zealand,2001-08-16
529,Lorenza,Arathorn,Lorenza.Arathorn@yopmail.com,Programmer,02-10-1975,Brasília,French Polynesia,2014-12-06
530,Wendi,Anton,Wendi.Anton@yopmail.com,Surveyor,06-10-1976,Tripoli,Malta,2012-06-05
531,Kylynn,Idelia,Kylynn.Idelia@yopmail.com,Tour guide,16-10-1983,Nagpur,Lebanon,2008-08-09
532,Danny,Urania,Danny.Urania@yopmail.com,Dentist,14-08-1975,Pretoria,Kyrgyzstan,2018-02-28
533,Cecile,Rosette,Cecile.Rosette@yopmail.com,Psychologist,28-11-1987,Manama,China,2014-01-27
534,Kristan,Friede,Kristan.Friede@yopmail.com,Garbage man,28-08-1978,Lyon,Lebanon,2003-12-06
535,Audrie,Dituri,Audrie.Dituri@yopmail.com,Coroner,21-05-1989,Sydney,Timor-Leste,2014-12-30
536,Tierney,Emanuel,Tierney.Emanuel@yopmail.com,Inventor,05-07-1987,Rabat,Malta,2015-10-30
537,Lita,Vivle,Lita.Vivle@yopmail.com,Ecologist,29-07-1975,Jeddah,Slovenia,2013-03-10
538,Selia,Dorcy,Selia.Dorcy@yopmail.com,Street sweeper,27-07-1979,Hanover,Bosnia and Herzegovina,2004-08-07
539,Merrie,Love,Merrie.Love@yopmail.com,Tour guide,22-09-1981,Ashgabat,"Iran, Islamic Republic Of",2013-02-17
540,Camile,Bibi,Camile.Bibi@yopmail.com,Interpreter,09-09-1988,Timbuktu,Azerbaijan,2008-08-06
541,Rani,Gilmour,Rani.Gilmour@yopmail.com,Cab driver,04-12-1979,Jakarta,Macao,2001-04-03
542,Anallese,Cecile,Anallese.Cecile@yopmail.com,Singer,23-03-1984,Chicago,Vanuatu,2018-10-22
543,Aili,Trey,Aili.Trey@yopmail.com,Nurse,28-04-1984,Asunción,"Virgin Islands, U.S.",2021-02-16
544,Alyssa,Anselmi,Alyssa.Anselmi@yopmail.com,Linguist,07-10-1978,Manaus,Benin,2018-02-14
545,Ottilie,Drisko,Ottilie.Drisko@yopmail.com,President,01-01-1989,Zamboanga City,Slovakia,2007-10-09
546,Lesly,Riordan,Lesly.Riordan@yopmail.com,Ornithologist,21-06-1985,Monaco,Western Sahara,2021-12-16
547,Shauna,Nikaniki,Shauna.Nikaniki@yopmail.com,Captain,17-10-1972,Maracaibo,"Tanzania, United Republic of",2005-10-07
548,Drucie,Ludewig,Drucie.Ludewig@yopmail.com,Interpreter,13-02-1971,Saint-Denis,Oman,2021-09-14
549,Starla,Chobot,Starla.Chobot@yopmail.com,Valet,28-09-1985,Arbil,British Indian Ocean Territory,2018-10-09
550,Celestyna,Yam,Celestyna.Yam@yopmail.com,Videographer,04-02-1975,New Delhi,Cambodia,2013-02-23
551,Kelly,Alcott,Kelly.Alcott@yopmail.com,Representative,21-06-1977,Koulikoro,Malawi,2007-08-04
552,Sam,Truc,Sam.Truc@yopmail.com,Author,11-08-1973,Monterrey,Suriname,2004-06-12
553,Rozele,Toffic,Rozele.Toffic@yopmail.com,Driver,13-11-1988,George Town,Trinidad and Tobago,2007-04-15
554,Lanae,Travax,Lanae.Travax@yopmail.com,Bus driver,23-12-1987,Portland,Myanmar,2009-03-13
555,Adore,Maurine,Adore.Maurine@yopmail.com,Scuba diver,15-07-1980,St. Louis,Turkey,2021-07-30
556,Phedra,Estella,Phedra.Estella@yopmail.com,Barber,15-05-1984,Monterrey,Cuba,2003-09-25
557,Maye,Gower,Maye.Gower@yopmail.com,Operator,11-02-1977,Port-au-Prince,Equatorial Guinea,2001-05-27
558,Collen,Kunin,Collen.Kunin@yopmail.com,Nurse,11-02-1977,Balikpapan,Eritrea,2018-08-01
559,Calla,Joeann,Calla.Joeann@yopmail.com,Explorer,03-06-1973,Riyadh,Reunion,2000-07-13
560,Agathe,Hunfredo,Agathe.Hunfredo@yopmail.com,Educator,01-02-1987,Alexandria,Pakistan,2006-10-28
561,Meg,Anselmi,Meg.Anselmi@yopmail.com,Cashier,28-01-1975,Geelong,Gibraltar,2004-03-03
562,Nanete,Schenck,Nanete.Schenck@yopmail.com,Smith,28-09-1981,Iloilo City,Cook Islands,2008-12-07
563,Myriam,Strephon,Myriam.Strephon@yopmail.com,Hairdresser,20-07-1970,Warsaw,Luxembourg,2000-05-21
564,Lindie,Ochs,Lindie.Ochs@yopmail.com,Diver,23-04-1973,Odessa,Luxembourg,2017-02-19
565,Millie,Thomasina,Millie.Thomasina@yopmail.com,Filmmaker,26-08-1985,Port Moresby,Gabon,2009-09-03
566,Renae,Doig,Renae.Doig@yopmail.com,Tutor,02-08-1978,Kanpur,Palau,2010-02-11
567,Veda,Edmund,Veda.Edmund@yopmail.com,Intern,18-05-1986,Tianjin,Martinique,2014-02-21
568,Fayre,Kannry,Fayre.Kannry@yopmail.com,Veterinarian,06-02-1989,Aberdeen,Netherlands,2015-09-08
569,Georgina,Stephie,Georgina.Stephie@yopmail.com,Pope,06-11-1989,Bergen,Djibouti,2004-07-07
570,Cassondra,Hedve,Cassondra.Hedve@yopmail.com,Financier,14-08-1970,Luanda,Kazakhstan,2011-12-03
571,Vanessa,Armanda,Vanessa.Armanda@yopmail.com,Office worker,02-04-1983,Jamestown,French Guiana,2010-01-18
572,Georgina,Cavan,Georgina.Cavan@yopmail.com,Ornithologist,29-10-1972,Podgorica,Namibia,2000-09-22
573,Candy,Sherrie,Candy.Sherrie@yopmail.com,Director,18-05-1974,Oslo,Saint Vincent and the Grenadines,2006-11-22
574,Carolina,Madelene,Carolina.Madelene@yopmail.com,Nurse,13-05-1982,Shijiazhuang,"Moldova, Republic of",2011-01-28
575,Kelly,Erich,Kelly.Erich@yopmail.com,Mayor,27-06-1986,Rio de Janeiro,Argentina,2021-10-12
576,Vonny,Jorgan,Vonny.Jorgan@yopmail.com,Interpreter,08-06-1970,Manila,British Indian Ocean Territory,2006-12-19
577,Nanete,Sigfrid,Nanete.Sigfrid@yopmail.com,Banker,11-12-1980,Anadyr (town),Armenia,2003-02-01
578,Gerrie,Shirberg,Gerrie.Shirberg@yopmail.com,Governor,04-10-1982,Munich,Spain,2019-09-05
579,Florie,Masao,Florie.Masao@yopmail.com,Zookeeper,24-11-1972,Medan,Oman,2018-06-09
580,Yetty,Ferrell,Yetty.Ferrell@yopmail.com,Saxophonist,12-05-1973,New Orleans,Slovakia,2001-12-11
581,Arlina,Forrer,Arlina.Forrer@yopmail.com,Welder,19-05-1980,Dalian,"Moldova, Republic of",2010-03-06
582,Reeba,Giule,Reeba.Giule@yopmail.com,Salesperson,21-02-1976,Serekunda,Gambia,2000-03-23
583,Moyna,Alice,Moyna.Alice@yopmail.com,Welder,15-12-1989,Tehran,India,2010-10-08
584,Konstance,Jalbert,Konstance.Jalbert@yopmail.com,Truck driver,10-09-1975,Banda Aceh,Honduras,2019-08-23
585,Karina,Hamil,Karina.Hamil@yopmail.com,Janitor,09-06-1986,Beirut,Turks and Caicos Islands,2002-06-30
586,Blinni,Wiener,Blinni.Wiener@yopmail.com,Notary,26-12-1972,Ushuaia,Sierra Leone,2001-07-06
587,Mariann,Decato,Mariann.Decato@yopmail.com,Singer,19-09-1988,Niamey,Viet Nam,2004-04-05
588,Cindelyn,Wilona,Cindelyn.Wilona@yopmail.com,Catcher,15-06-1976,Tabriz,Dominica,2015-01-26
589,Sherrie,Screens,Sherrie.Screens@yopmail.com,Politician,11-12-1976,Cardiff,Mexico,2000-10-09
590,Kristan,Nelsen,Kristan.Nelsen@yopmail.com,Catcher,27-07-1985,Phuket (city),Myanmar,2017-12-06
591,Adele,Grayce,Adele.Grayce@yopmail.com,Economist,26-01-1972,Shillong,Cook Islands,2006-03-25
592,Nyssa,Curren,Nyssa.Curren@yopmail.com,Butcher,24-06-1982,Dubai,"Palestinian Territory, Occupied",2015-05-15
593,Zia,Therine,Zia.Therine@yopmail.com,Animator,08-12-1984,New Delhi,Uruguay,2017-02-03
594,Sheelagh,Poll,Sheelagh.Poll@yopmail.com,Entomologist,12-04-1981,Montevideo,Myanmar,2001-05-01
595,Sophia,Arley,Sophia.Arley@yopmail.com,Mayor,20-09-1981,Geelong,Ethiopia,2007-09-25
596,Netty,Joseph,Netty.Joseph@yopmail.com,Surgeon,01-02-1986,Rosario,Gabon,2000-04-13
597,Annice,Zamora,Annice.Zamora@yopmail.com,Ecologist,22-07-1972,Tamale,Pakistan,2004-01-13
598,Tressa,Longfellow,Tressa.Longfellow@yopmail.com,Performer,19-07-1983,Nairobi,"Moldova, Republic of",2004-11-06
599,Paulita,McLaughlin,Paulita.McLaughlin@yopmail.com,Caregiver,04-03-1980,Douglas,Georgia,2019-10-04
600,Marjie,Phaidra,Marjie.Phaidra@yopmail.com,Doctor,26-02-1982,Zanzibar City,Cocos (Keeling) Islands,2005-09-01
601,Julieta,Land,Julieta.Land@yopmail.com,Welder,14-05-1977,Yaren District,Martinique,2004-09-17
602,Eadie,Kannry,Eadie.Kannry@yopmail.com,Negotiator,11-06-1978,Barcelona,Spain,2004-06-26
603,Orelia,Crudden,Orelia.Crudden@yopmail.com,Geographer,23-06-1988,Portland,Latvia,2006-03-26
604,Di,Bouchard,Di.Bouchard@yopmail.com,Astronomer,04-11-1976,Pretoria,Lebanon,2005-09-14
605,Heddie,Cyrie,Heddie.Cyrie@yopmail.com,Calligrapher,17-03-1976,Oranjestad,Mozambique,2017-04-15
606,Roxane,Warthman,Roxane.Warthman@yopmail.com,Therapist,04-12-1980,Louisville,Ethiopia,2002-07-20
607,Catrina,Hillel,Catrina.Hillel@yopmail.com,Laborer,04-04-1974,Ponta Delgada,Nauru,2020-06-04
608,Maisey,Kare,Maisey.Kare@yopmail.com,Dentist,20-06-1973,Balikpapan,Netherlands Antilles,2000-07-29
609,Sadie,MacIntosh,Sadie.MacIntosh@yopmail.com,Saxophonist,08-06-1980,Karachi,Saudi Arabia,2011-10-27
610,Maryellen,Mozelle,Maryellen.Mozelle@yopmail.com,Waiter,16-06-1971,Christchurch,Latvia,2010-09-20
611,Orelia,Reinke,Orelia.Reinke@yopmail.com,Marketer,21-04-1980,Bangalore,Djibouti,2000-06-02
612,Chere,Gaspard,Chere.Gaspard@yopmail.com,Economist,18-01-1974,Zhengzhou,Bermuda,2015-09-15
613,Rosanne,Durante,Rosanne.Durante@yopmail.com,Professor,17-03-1982,Vatican City,Lithuania,2008-04-24
614,Kassey,Whiffen,Kassey.Whiffen@yopmail.com,Maid,05-03-1982,Macapá,Bangladesh,2018-05-20
615,Tiffie,Rad,Tiffie.Rad@yopmail.com,Woodcarver,20-08-1983,Port Moresby,Austria,2006-07-08
616,Hyacinthe,Rozanna,Hyacinthe.Rozanna@yopmail.com,Therapist,18-03-1970,Antananarivo,Djibouti,2013-11-26
617,Tracey,Norrie,Tracey.Norrie@yopmail.com,Researcher,17-04-1978,London,Denmark,2005-09-02
618,Jessamyn,Genna,Jessamyn.Genna@yopmail.com,Singer,28-01-1976,San Diego,Bahamas,2009-04-25
619,Jere,Yusuk,Jere.Yusuk@yopmail.com,Surveyor,12-04-1979,Tehran,Australia,2006-03-31
620,Kellen,Capello,Kellen.Capello@yopmail.com,Percussionist,12-02-1981,Semarang,Wallis and Futuna,2000-06-04
621,Nita,Dorcy,Nita.Dorcy@yopmail.com,Restauranteur,19-07-1973,Málaga,Norway,2008-01-19
622,Corene,Vacuva,Corene.Vacuva@yopmail.com,Scout,27-12-1984,Maputo,Tonga,2021-07-28
623,Nyssa,McLaughlin,Nyssa.McLaughlin@yopmail.com,Geographer,26-09-1989,Port Hedland,Kiribati,2009-01-25
624,Bobbi,Mathilde,Bobbi.Mathilde@yopmail.com,Treasurer,24-04-1987,Kuala Lumpur,Zambia,2009-01-16
625,Amara,Ventre,Amara.Ventre@yopmail.com,Operator,30-04-1971,El Paso,Bahamas,2012-09-13
626,Halette,Krystle,Halette.Krystle@yopmail.com,Barber,27-09-1980,The Hague,Afghanistan,2021-05-26
627,Gloria,Gunn,Gloria.Gunn@yopmail.com,Calligrapher,28-07-1982,Cologne,Cape Verde,2003-08-19
628,Carly,Naashom,Carly.Naashom@yopmail.com,Poet,31-01-1985,Boa Vista,Czech Republic,2011-08-01
629,Janis,Pillsbury,Janis.Pillsbury@yopmail.com,Bookkeeper,27-08-1971,Fortaleza,Bermuda,2003-07-18
630,Debee,Schlosser,Debee.Schlosser@yopmail.com,Instructor,25-03-1976,Mandurah,Bangladesh,2002-03-11
631,Priscilla,Sacken,Priscilla.Sacken@yopmail.com,Boxer,30-10-1971,Rio Branco,Venezuela,2005-08-02
632,Karina,Boehike,Karina.Boehike@yopmail.com,Pitcher,19-03-1971,Buenos Aires,Cambodia,2001-02-25
633,Devina,Kylander,Devina.Kylander@yopmail.com,Translator,25-07-1981,Lusaka,Philippines,2002-07-30
634,June,Raffo,June.Raffo@yopmail.com,Writer,16-11-1977,Ljubljana,Mauritania,2014-10-19
635,Gabi,Valoniah,Gabi.Valoniah@yopmail.com,Professor,25-09-1981,San Salvador,Poland,2005-04-03
636,Mureil,Jagir,Mureil.Jagir@yopmail.com,Trash collector,06-09-1976,Quito,Singapore,2003-12-12
637,Randa,Gamaliel,Randa.Gamaliel@yopmail.com,Lecturer,26-10-1973,Ahmedabad,Serbia and Montenegro,2013-12-11
638,Silvana,Himelman,Silvana.Himelman@yopmail.com,Detective,20-11-1985,Nagoya,France,2016-10-30
639,Cherilyn,Tound,Cherilyn.Tound@yopmail.com,Dermatologist,04-09-1984,Magadan,Burundi,2005-11-02
640,Renae,Loeb,Renae.Loeb@yopmail.com,Author,10-09-1978,Dunedin,Norfolk Island,2009-12-20
641,Marline,Dorothy,Marline.Dorothy@yopmail.com,Grocer,12-05-1979,Mersin,Zimbabwe,2010-03-18
642,Fayre,Ricki,Fayre.Ricki@yopmail.com,Cryptographer,25-06-1979,Albuquerque,Netherlands Antilles,2001-04-03
643,Monika,Rurik,Monika.Rurik@yopmail.com,Typist,10-05-1982,Assis,French Guiana,2018-08-23
644,Kittie,Sabella,Kittie.Sabella@yopmail.com,President,02-04-1989,Stockholm,Kazakhstan,2008-06-01
645,Cyndie,Olnee,Cyndie.Olnee@yopmail.com,Pope,23-04-1979,Cuiabá,Uzbekistan,2005-06-10
646,Alex,Rebecka,Alex.Rebecka@yopmail.com,Saxophonist,15-07-1987,San Antonio,Venezuela,2016-02-15
647,Layla,Zaslow,Layla.Zaslow@yopmail.com,Caregiver,17-08-1973,Beirut,Singapore,2005-02-04
648,Therine,Dannye,Therine.Dannye@yopmail.com,Bartender,05-12-1982,Vatican City,Seychelles,2002-11-25
649,Pearline,Joni,Pearline.Joni@yopmail.com,Auctioneer,14-09-1983,Cincinnati,Cameroon,2003-11-03
650,Netty,Celestine,Netty.Celestine@yopmail.com,Chauffeur,12-04-1988,Saskatoon,Costa Rica,2001-10-15
651,Elena,Kauppi,Elena.Kauppi@yopmail.com,Caterer,13-06-1979,Chicago,Ireland,2018-11-08
652,Gale,Dalli,Gale.Dalli@yopmail.com,,09-05-1970,Dibrugarh,Honduras,2008-12-14
653,Alyda,Loleta,Alyda.Loleta@yopmail.com,Salesperson,08-06-1972,Cayenne,Latvia,2001-07-02
654,Margette,Tice,Margette.Tice@yopmail.com,Hunter,26-09-1973,Bucharest,Saint Pierre and Miquelon,2016-11-09
655,Nyssa,Eugenia,Nyssa.Eugenia@yopmail.com,Spy,17-11-1974,Astana,United States,2001-09-22
656,Tabbatha,Ries,Tabbatha.Ries@yopmail.com,Concierge,22-01-1989,Dhaka,Colombia,2013-07-18
657,Natka,Ogren,Natka.Ogren@yopmail.com,Builder,05-09-1982,Oranjestad,Bulgaria,2018-05-28
658,Melanie,Beebe,Melanie.Beebe@yopmail.com,Baker,11-09-1973,Abidjan,Cambodia,2014-06-16
659,Konstance,Dorine,Konstance.Dorine@yopmail.com,Librarian,28-04-1978,Yakutsk,Brunei Darussalam,2011-03-16
660,Maud,Mike,Maud.Mike@yopmail.com,Athlete,08-01-1988,Fredericton,"Korea, Republic of",2021-03-31
661,Mallory,Brackely,Mallory.Brackely@yopmail.com,Scout,02-11-1988,Hanga Roa,Argentina,2003-07-22
662,Emmey,Wesle,Emmey.Wesle@yopmail.com,Entrepreneur,29-08-1982,Tampere,Christmas Island,2011-10-22
663,Shaine,Rillings,Shaine.Rillings@yopmail.com,Caterer,24-08-1985,Iloilo City,Japan,2009-09-29
664,Caryl,Cleavland,Caryl.Cleavland@yopmail.com,Optician,02-11-1973,Da Nang,Burundi,2016-06-26
665,Hyacinthe,Brodench,Hyacinthe.Brodench@yopmail.com,Workman,04-10-1987,Mersin,Samoa,2020-10-11
666,Verla,Creamer,Verla.Creamer@yopmail.com,Librettist,06-11-1989,Oranjestad,Trinidad and Tobago,2006-04-03
667,Florie,Darrell,Florie.Darrell@yopmail.com,Pope,20-12-1985,Nagoya,Luxembourg,2014-09-20
668,Collen,Cynar,Collen.Cynar@yopmail.com,Hairdresser,24-02-1970,Providence,Brazil,2005-07-19
669,Ezmeralda,Nadia,Ezmeralda.Nadia@yopmail.com,Archer,02-11-1972,Luxor,Japan,2009-11-05
670,Sashenka,Drus,Sashenka.Drus@yopmail.com,Saleswoman,26-06-1976,Funafuti,Martinique,2020-07-13
671,Bibby,Loeb,Bibby.Loeb@yopmail.com,Watchmaker,15-02-1977,Makati City,New Caledonia,2012-03-06
672,Fred,Alisia,Fred.Alisia@yopmail.com,Ballet dancer,12-11-1980,Perth,Austria,2014-11-20
673,Aili,Standing,Aili.Standing@yopmail.com,Trader,19-07-1988,St. John's,Puerto Rico,2002-12-04
674,Elyssa,O'Rourke,Elyssa.O'Rourke@yopmail.com,Editor,05-12-1987,San Salvador,Nepal,2004-01-21
675,Judy,Vanni,Judy.Vanni@yopmail.com,Actor,20-05-1970,Ilhéus,Trinidad and Tobago,2001-12-25
676,Amelia,Merell,Amelia.Merell@yopmail.com,Farmer,04-07-1976,Suva,United Kingdom,2020-03-07
677,Silvana,Cutlerr,Silvana.Cutlerr@yopmail.com,Housewife,30-06-1986,Jacksonville,Nauru,2005-06-24
678,Dorene,Schonfeld,Dorene.Schonfeld@yopmail.com,Waiter,08-05-1973,Minneapolis,Guadeloupe,2001-06-23
679,Priscilla,Keelia,Priscilla.Keelia@yopmail.com,Scientist,23-05-1985,Palikir,Paraguay,2006-11-05
680,Gaylene,Rheingold,Gaylene.Rheingold@yopmail.com,Spy,22-12-1980,Barranquilla,Antigua and Barbuda,2019-09-13
681,Codie,Tamar,Codie.Tamar@yopmail.com,Translator,24-11-1983,Ulan Bator,Martinique,2006-07-08
682,Elmira,Winthorpe,Elmira.Winthorpe@yopmail.com,Garbage man,30-12-1987,Gaziantep,Turks and Caicos Islands,2018-06-01
683,Nonnah,Rona,Nonnah.Rona@yopmail.com,Surveyor,17-05-1989,Louisville,Marshall Islands,2011-01-20
684,Jessy,Remmer,Jessy.Remmer@yopmail.com,Ambassador,15-06-1980,Busan,Dominican Republic,2011-09-14
685,Concettina,Gregrory,Concettina.Gregrory@yopmail.com,Treasurer,22-02-1989,Monrovia,Kenya,2019-09-21
686,Isa,Baylor,Isa.Baylor@yopmail.com,Salesperson,28-05-1984,Sapporo,Tonga,2012-04-28
687,Nessie,Cyrie,Nessie.Cyrie@yopmail.com,Artist,11-08-1976,Winnipeg,Russian Federation,2012-12-05
688,Selma,Zola,Selma.Zola@yopmail.com,Jeweler,02-04-1985,Anchorage,Cambodia,2016-10-14
689,Ashlee,Lea,Ashlee.Lea@yopmail.com,Doctor,29-08-1978,Serekunda,Marshall Islands,2003-04-25
690,Jacenta,Oscar,Jacenta.Oscar@yopmail.com,Pawnbroker,28-04-1989,City of Halifax,Norway,2009-12-05
691,Sophia,Lane,Sophia.Lane@yopmail.com,Pianist,09-01-1982,Bamako,El Salvador,2016-09-19
692,Kaja,My,Kaja.My@yopmail.com,Engineer,01-06-1971,Riverside,Colombia,2021-11-14
693,Tiffie,Alrich,Tiffie.Alrich@yopmail.com,Intern,27-09-1980,Roseau,Belarus,2015-06-19
694,Winny,Rubie,Winny.Rubie@yopmail.com,Astronomer,31-10-1970,Albuquerque,Bermuda,2021-12-31
695,Arlena,Eliathas,Arlena.Eliathas@yopmail.com,Clergywoman,13-05-1977,Ankara,Georgia,2008-11-22
696,Candi,Zaslow,Candi.Zaslow@yopmail.com,Lecturer,11-02-1981,Rio de Janeiro,Somalia,2009-12-09
697,Maurene,Eachern,Maurene.Eachern@yopmail.com,Exporter,11-12-1970,Dublin,Cape Verde,2020-08-06
698,Charissa,Fancie,Charissa.Fancie@yopmail.com,Hunter,21-12-1985,Konya,Wallis and Futuna,2004-12-27
699,Wynne,Adamsen,Wynne.Adamsen@yopmail.com,Waitress,27-03-1974,Yamoussoukro,Kazakhstan,2014-07-20
700,Marcelline,Bahr,Marcelline.Bahr@yopmail.com,Secretary,06-03-1983,Muscat,Solomon Islands,2019-02-28
701,Alie,Jalbert,Alie.Jalbert@yopmail.com,Chemist,26-10-1988,Porto Alegre,Bahrain,2010-06-08
702,Sarette,Adlare,Sarette.Adlare@yopmail.com,Intern,04-04-1977,Lomé,"Palestinian Territory, Occupied",2009-05-30
703,Dyann,Zrike,Dyann.Zrike@yopmail.com,Manga artist,23-02-1971,Panama City,Yemen,2019-07-16
704,Marika,Felecia,Marika.Felecia@yopmail.com,Jeweler,20-12-1988,Bridgetown,Burkina Faso,2009-04-01
705,Lelah,Behre,Lelah.Behre@yopmail.com,Park ranger,28-06-1989,Nukuʻalofa,Netherlands,2019-11-07
706,Aili,Cleavland,Aili.Cleavland@yopmail.com,Priest,13-04-1982,La Serena,Brunei Darussalam,2013-09-03
707,Dyann,Roumell,Dyann.Roumell@yopmail.com,Representative,17-11-1989,Paramaribo,Seychelles,2004-01-06
708,Marnia,Celestine,Marnia.Celestine@yopmail.com,Coroner,16-05-1974,Faisalabad,Saint Pierre and Miquelon,2021-11-15
709,Ketti,Pascia,Ketti.Pascia@yopmail.com,Nutritionist,02-12-1973,Athens,Uganda,2006-02-21
710,Cathyleen,Genna,Cathyleen.Genna@yopmail.com,Writer,12-10-1979,Labasa,Slovenia,2020-08-23
711,Liana,Darbie,Liana.Darbie@yopmail.com,Performer,19-06-1970,Tokyo,Belgium,2006-10-16
712,Ernesta,Tayib,Ernesta.Tayib@yopmail.com,Golfer,12-10-1981,Iloilo City,Ukraine,2013-02-19
713,Daphne,Sadowski,Daphne.Sadowski@yopmail.com,Counselor,16-08-1986,Hilo,Pitcairn,2014-03-09
714,Fredericka,Felecia,Fredericka.Felecia@yopmail.com,Plumber,08-04-1989,Tehran,Yemen,2016-08-07
715,Frank,Koehler,Frank.Koehler@yopmail.com,Entrepreneur,29-11-1980,Campinas,Albania,2009-03-15
716,Pearline,Madox,Pearline.Madox@yopmail.com,Cobbler,04-10-1973,Ibadan,"Lao People""S Democratic Republic",2016-05-09
717,Kerrin,Haerr,Kerrin.Haerr@yopmail.com,Author,04-02-1979,Pago Pago,Niue,2007-09-24
718,Adriana,Grayce,Adriana.Grayce@yopmail.com,Nutritionist,24-04-1977,Berlin,Saint Kitts and Nevis,2000-11-23
719,Chastity,Gaal,Chastity.Gaal@yopmail.com,Banker,09-02-1980,Thessaloniki,Turks and Caicos Islands,2008-02-14
720,Almeta,Markman,Almeta.Markman@yopmail.com,Writer,08-11-1976,Rabat,Christmas Island,2006-01-06
721,Winifred,Meter,Winifred.Meter@yopmail.com,Performer,01-02-1988,Chihuahua,Anguilla,2014-11-03
722,Blinni,Marsden,Blinni.Marsden@yopmail.com,Architect,12-12-1978,Milwaukee,El Salvador,2013-11-10
723,Shaine,Fitzsimmons,Shaine.Fitzsimmons@yopmail.com,Coach,09-09-1984,Cusco,Myanmar,2013-03-19
724,Cherrita,Jacobah,Cherrita.Jacobah@yopmail.com,Cardiologist,12-10-1971,Port Louis,Azerbaijan,2014-01-22
725,Ulrike,Justinn,Ulrike.Justinn@yopmail.com,Dentist,20-04-1971,Luxor,Uruguay,2015-11-08
726,Hannis,Martsen,Hannis.Martsen@yopmail.com,Instructor,29-09-1988,İzmir,Slovenia,2014-05-29
727,Karena,Mayeda,Karena.Mayeda@yopmail.com,Ranger,09-04-1988,San Fernando,Guadeloupe,2002-01-12
728,Caressa,Ailyn,Caressa.Ailyn@yopmail.com,Musician,13-02-1971,Arbil,Reunion,2002-09-12
729,Edyth,Fennessy,Edyth.Fennessy@yopmail.com,Vicar,26-11-1984,Maseru,United Arab Emirates,2006-01-02
730,Bernie,Tremayne,Bernie.Tremayne@yopmail.com,Typist,08-12-1978,Portland,Samoa,2003-10-15
731,Aeriela,Trey,Aeriela.Trey@yopmail.com,Actress,15-09-1982,Kuala Lumpur,Bahrain,2003-05-07
732,Aili,Lewes,Aili.Lewes@yopmail.com,Waitress,12-01-1985,Sucre,Madagascar,2020-11-24
733,Vonny,Marijo,Vonny.Marijo@yopmail.com,Laundress,03-04-1983,Las Palmas de Gran Canaria,Libyan Arab Jamahiriya,2017-07-30
734,Dari,Mathilde,Dari.Mathilde@yopmail.com,Artist,03-06-1988,Riga,Spain,2010-09-17
735,Brandise,Lorenz,Brandise.Lorenz@yopmail.com,Smith,01-10-1982,Harbin,Australia,2008-09-10
736,Marinna,Goldina,Marinna.Goldina@yopmail.com,Salesperson,10-02-1976,Rome,Norfolk Island,2007-02-13
737,Sharai,Azeria,Sharai.Azeria@yopmail.com,Laborer,04-03-1980,Reykjavík,Bolivia,2015-01-30
738,Annecorinne,Yuille,Annecorinne.Yuille@yopmail.com,Statistician,15-12-1975,Buffalo,Bahamas,2007-03-19
739,Roslyn,Dimitris,Roslyn.Dimitris@yopmail.com,Explorer,07-07-1987,Konya,Estonia,2002-02-07
740,Steffane,Zachary,Steffane.Zachary@yopmail.com,Barber,17-12-1988,Port Louis,Anguilla,2002-03-18
741,Malina,Croix,Malina.Croix@yopmail.com,Cartoonist,13-08-1987,Lusaka,"Korea, Democratic People""S Republic of",2013-02-18
742,Edyth,Myrilla,Edyth.Myrilla@yopmail.com,Operator,22-05-1971,Kuching,Denmark,2011-04-24
743,Jaime,Killigrew,Jaime.Killigrew@yopmail.com,Cobbler,15-04-1979,Cusco,Libyan Arab Jamahiriya,2005-07-29
744,Margalo,Sholley,Margalo.Sholley@yopmail.com,Intern,24-05-1987,Belgrade,Latvia,2017-10-18
745,Phylis,Pattin,Phylis.Pattin@yopmail.com,Stockbroker,06-06-1976,Douala,Isle of Man,2017-04-27
746,Melisent,Norrie,Melisent.Norrie@yopmail.com,Entrepreneur,12-01-1987,Punta Arenas,Gabon,2006-04-27
747,Dagmar,Rogerio,Dagmar.Rogerio@yopmail.com,Cryptographer,07-04-1971,Ahmedabad,Sudan,2017-03-06
748,Ebonee,Cherianne,Ebonee.Cherianne@yopmail.com,Director,18-10-1975,Yakutsk,New Zealand,2021-12-04
749,Janeczka,Cookie,Janeczka.Cookie@yopmail.com,Writer,02-10-1975,Munich,Dominica,2006-06-02
750,Fayre,Ball,Fayre.Ball@yopmail.com,Detective,13-08-1982,Luxor,Denmark,2004-09-26
751,Barbi,Urias,Barbi.Urias@yopmail.com,Chauffeur,08-12-1982,Raleigh,"Iran, Islamic Republic Of",2016-04-09
752,Agnese,Emmaline,Agnese.Emmaline@yopmail.com,Bartender,19-08-1981,Makati City,Singapore,2012-03-12
753,Di,Grimbly,Di.Grimbly@yopmail.com,Cellist,09-07-1978,Sapporo,Greenland,2001-02-16
754,Karolina,Angelis,Karolina.Angelis@yopmail.com,Janitor,05-10-1981,Perm,Swaziland,2015-05-19
755,Mildrid,Yerkovich,Mildrid.Yerkovich@yopmail.com,Nurse,11-07-1978,St. Louis,Sierra Leone,2015-01-26
756,Pollyanna,Ackerley,Pollyanna.Ackerley@yopmail.com,Farmer,25-05-1986,Asunción,Cook Islands,2007-01-29
757,Cristabel,Wilona,Cristabel.Wilona@yopmail.com,Mechanic,26-07-1988,Timbuktu,Israel,2002-07-24
758,Basia,Allare,Basia.Allare@yopmail.com,Street sweeper,13-10-1978,Kyoto,Azerbaijan,2003-11-04
759,Hyacinthe,Hewitt,Hyacinthe.Hewitt@yopmail.com,Boxer,03-08-1973,Daegu,Macao,2015-09-25
760,Dennie,Neils,Dennie.Neils@yopmail.com,Interpreter,22-02-1975,Accra,Faroe Islands,2000-08-22
761,Alejandra,Ashok,Alejandra.Ashok@yopmail.com,Locksmith,26-07-1975,Córdoba,Mexico,2017-10-29
762,Doro,Dermott,Doro.Dermott@yopmail.com,Reporter,04-11-1972,Berlin,Lithuania,2003-11-24
763,Andree,Gerge,Andree.Gerge@yopmail.com,Lawyer,12-06-1985,Quezon City,Latvia,2018-06-22
764,Lolita,Anderea,Lolita.Anderea@yopmail.com,Judge,07-02-1979,San José,Greenland,2015-11-29
765,Belva,Corrine,Belva.Corrine@yopmail.com,Doorman,16-02-1974,Almaty,"Palestinian Territory, Occupied",2013-11-07
766,Marika,Susannah,Marika.Susannah@yopmail.com,Tennis player,03-11-1970,Quito,Marshall Islands,2018-01-26
767,Rebeca,Evvie,Rebeca.Evvie@yopmail.com,Caterer,01-11-1976,Palembang,Croatia,2002-12-27
768,Gusty,Telfer,Gusty.Telfer@yopmail.com,Saxophonist,05-07-1989,Ibadan,Djibouti,2001-01-18
769,Halette,Dash,Halette.Dash@yopmail.com,Registrar,28-07-1978,Omsk,Slovenia,2007-08-07
770,Pamella,Trey,Pamella.Trey@yopmail.com,Bartender,14-10-1975,Córdoba,Hong Kong,2007-05-02
771,Aili,Parsaye,Aili.Parsaye@yopmail.com,Chemist,26-04-1979,Livingstone,Falkland Islands (Malvinas),2009-01-24
772,Rebeca,Santoro,Rebeca.Santoro@yopmail.com,Electrician,13-01-1975,Tehran,Zambia,2008-11-29
773,Maye,Rugen,Maye.Rugen@yopmail.com,Mechanic,18-03-1982,George Town,South Africa,2002-03-21
774,Ariela,Xerxes,Ariela.Xerxes@yopmail.com,Welder,06-04-1979,Belmopan,Romania,2018-06-11
775,Susette,Salchunas,Susette.Salchunas@yopmail.com,Singer,19-06-1980,Shenzhen,Kazakhstan,2019-03-18
776,Antonietta,Poll,Antonietta.Poll@yopmail.com,Manga artist,26-08-1983,Harbin,"Korea, Republic of",2019-01-10
777,Stacey,Gert,Stacey.Gert@yopmail.com,Caterer,04-03-1989,Chuí,Guadeloupe,2006-09-17
778,Ricky,Serilda,Ricky.Serilda@yopmail.com,Referee,07-06-1974,Horta (Azores),Reunion,2020-11-29
779,Candi,Lorenz,Candi.Lorenz@yopmail.com,Barber,18-08-1973,Odessa,Paraguay,2003-07-22
780,Suzette,Maiah,Suzette.Maiah@yopmail.com,Watchmaker,03-05-1972,Belize City,Bosnia and Herzegovina,2008-05-11
781,Christy,Tybald,Christy.Tybald@yopmail.com,Exterminator,13-09-1984,Lilongwe,Uzbekistan,2016-02-01
782,Fernande,Suanne,Fernande.Suanne@yopmail.com,Operator,15-07-1987,Canberra,Kenya,2014-12-20
783,Betta,Tjon,Betta.Tjon@yopmail.com,Magician,22-07-1985,Basse-Terre,Gambia,2016-11-04
784,Krystle,Gibbeon,Krystle.Gibbeon@yopmail.com,Midwife,12-04-1984,Liverpool,Somalia,2000-05-05
785,Dotty,Winthorpe,Dotty.Winthorpe@yopmail.com,Scientist,18-01-1980,Longyearbyen,Niger,2004-09-15
786,Sabina,Ortrude,Sabina.Ortrude@yopmail.com,Biologist,14-09-1972,Padang,Saint Helena,2009-11-18
787,Elyssa,Vary,Elyssa.Vary@yopmail.com,Captain,16-01-1976,Aberdeen,Norfolk Island,2008-03-22
788,Edee,Nisbet,Edee.Nisbet@yopmail.com,Student,17-07-1974,Tokyo,Uruguay,2016-05-23
789,Orsola,Blisse,Orsola.Blisse@yopmail.com,Dancer,28-12-1971,San Fernando,Falkland Islands (Malvinas),2006-10-27
790,Riannon,Emmaline,Riannon.Emmaline@yopmail.com,Gemcutter,07-04-1973,Tartu,Greece,2015-10-18
791,Laure,Dunkin,Laure.Dunkin@yopmail.com,Veteran,09-02-1981,Dili,Nepal,2004-12-06
792,Belva,Waldron,Belva.Waldron@yopmail.com,Ecologist,31-01-1985,Road Town,Hungary,2018-03-27
793,Gilda,Bettine,Gilda.Bettine@yopmail.com,Driver,27-03-1971,Lubumbashi,Norway,2017-08-08
794,Cindelyn,Seessel,Cindelyn.Seessel@yopmail.com,Athlete,02-03-1986,Gaza,Brunei Darussalam,2004-01-29
795,Cordi,Mathilde,Cordi.Mathilde@yopmail.com,Detective,12-12-1977,Kaesong,Gambia,2019-06-11
796,Babita,Hanshaw,Babita.Hanshaw@yopmail.com,Welder,15-08-1987,Gaborone,Jordan,2005-08-13
797,Gale,Dermott,Gale.Dermott@yopmail.com,Cartographer,12-10-1989,Daegu,Lebanon,2007-07-29
798,Codie,Joli,Codie.Joli@yopmail.com,Cryptographer,07-11-1975,Edinburgh,Mauritania,2005-01-05
799,Delilah,Bakerman,Delilah.Bakerman@yopmail.com,Painter,27-04-1974,Port Louis,Pakistan,2021-04-19
800,Esmeralda,Kevon,Esmeralda.Kevon@yopmail.com,Butcher,13-02-1982,Dededo,Uruguay,2001-11-15
801,Nerta,Koehler,Nerta.Koehler@yopmail.com,Manga artist,02-12-1988,Invercargill,Saint Vincent and the Grenadines,2006-01-18
802,Maye,Stuart,Maye.Stuart@yopmail.com,Laborer,12-12-1973,Gangtok,Guinea,2003-05-25
803,Veda,Kronfeld,Veda.Kronfeld@yopmail.com,Navigator,04-01-1981,Longyearbyen,Isle of Man,2010-04-03
804,Quintina,Argus,Quintina.Argus@yopmail.com,Writer,06-10-1985,Graz,Lithuania,2006-04-26
805,Madalyn,Grimbly,Madalyn.Grimbly@yopmail.com,Sheriff,10-09-1974,Namangan,Central African Republic,2018-12-19
806,Susette,Chesna,Susette.Chesna@yopmail.com,Carpenter,30-06-1981,Sarajevo,Djibouti,2013-04-04
807,Gerianna,Dawkins,Gerianna.Dawkins@yopmail.com,Gardener,01-10-1975,Port Said,French Guiana,2001-09-10
808,Nelle,Tryck,Nelle.Tryck@yopmail.com,Scholar,23-12-1975,Edmonton,Denmark,2002-09-26
809,Joy,Telfer,Joy.Telfer@yopmail.com,Educator,13-08-1985,Greenwich,Tajikistan,2008-11-06
810,Lita,Audly,Lita.Audly@yopmail.com,Chemist,02-04-1970,Wonsan,Nicaragua,2010-08-11
811,Margette,Kiyoshi,Margette.Kiyoshi@yopmail.com,Producer,12-10-1981,Melekeok,Dominica,2005-09-10
812,Sheelagh,Ax,Sheelagh.Ax@yopmail.com,Tax collector,16-11-1986,Balikpapan,Brunei Darussalam,2016-06-05
813,Chrystel,Fax,Chrystel.Fax@yopmail.com,Pianist,17-09-1989,Lilongwe,Philippines,2017-02-01
814,Gerrie,Garbe,Gerrie.Garbe@yopmail.com,Ballet dancer,31-12-1975,Arbil,Saudi Arabia,2013-02-22
815,Sandie,Lilybelle,Sandie.Lilybelle@yopmail.com,Trash collector,11-09-1976,Ankara,Equatorial Guinea,2002-08-28
816,Siana,Neils,Siana.Neils@yopmail.com,Boxer,24-12-1981,Monaco,Greece,2021-01-31
817,Noelle,Naor,Noelle.Naor@yopmail.com,Actor,21-09-1975,La Paz,Christmas Island,2017-05-19
818,Karlee,Soneson,Karlee.Soneson@yopmail.com,Florist,18-09-1982,Caracas,Malaysia,2018-10-23
819,Trixi,Even,Trixi.Even@yopmail.com,Mathematician,29-04-1978,Winnipeg,Saint Vincent and the Grenadines,2011-08-29
820,Lisette,Breed,Lisette.Breed@yopmail.com,Rancher,27-01-1983,Mata-Utu,Wallis and Futuna,2016-05-16
821,Max,Desai,Max.Desai@yopmail.com,Maid,22-09-1987,Port Blair,Netherlands,2019-07-16
822,Angelique,Huggins,Angelique.Huggins@yopmail.com,Florist,25-05-1982,Yokohama,China,2018-05-22
823,Brietta,Seessel,Brietta.Seessel@yopmail.com,Notary,24-05-1980,Dushanbe,Djibouti,2015-05-26
824,Danika,Medrek,Danika.Medrek@yopmail.com,Writer,09-08-1985,Ushuaia,"Macedonia, The Former Yugoslav Republic of",2005-04-17
825,Genevra,Maples,Genevra.Maples@yopmail.com,Educator,18-08-1986,Sitka,Marshall Islands,2021-10-17
826,Reeba,Nester,Reeba.Nester@yopmail.com,Custodian,17-01-1970,Kandahar,Cuba,2009-01-04
827,Hyacinthe,Estella,Hyacinthe.Estella@yopmail.com,Trash collector,21-04-1983,Libreville,United Kingdom,2005-05-09
828,Giustina,Naashom,Giustina.Naashom@yopmail.com,Educator,23-03-1971,Naypyidaw,Tokelau,2008-01-26
829,Noelle,Artie,Noelle.Artie@yopmail.com,Actress,01-11-1972,Bursa,French Polynesia,2013-04-17
830,Cristine,Tremayne,Cristine.Tremayne@yopmail.com,Warrior,20-09-1984,Indianapolis,Israel,2003-07-04
831,Maud,Leffen,Maud.Leffen@yopmail.com,Jockey,14-08-1980,Valparaíso,Saint Vincent and the Grenadines,2011-05-02
832,Teddie,Ludewig,Teddie.Ludewig@yopmail.com,Performer,01-07-1972,Shillong,Fiji,2004-04-22
833,Annabela,Faro,Annabela.Faro@yopmail.com,Geneticist,22-06-1974,Qingdao,Brunei Darussalam,2002-06-23
834,Kara-Lynn,Othilia,Kara-Lynn.Othilia@yopmail.com,Statistician,06-03-1987,Santo Domingo,Peru,2004-01-16
835,Korrie,Laurianne,Korrie.Laurianne@yopmail.com,Exporter,22-10-1983,Lilongwe,"Micronesia, Federated States of",2020-05-18
836,Roseline,Gusella,Roseline.Gusella@yopmail.com,Statistician,19-03-1972,Agartala,Saint Lucia,2008-01-01
837,Kassey,Cath,Kassey.Cath@yopmail.com,Cab driver,03-07-1970,Honolulu,San Marino,2015-06-20
838,Cherilyn,Anton,Cherilyn.Anton@yopmail.com,Counselor,11-10-1986,Toulouse,Togo,2011-04-14
839,Stevana,Howlyn,Stevana.Howlyn@yopmail.com,Researcher,25-11-1983,Manama,Angola,2014-03-08
840,Annecorinne,Fulmer,Annecorinne.Fulmer@yopmail.com,Jeweler,08-05-1989,Dodoma,Slovenia,2005-03-14
841,Etta,Nore,Etta.Nore@yopmail.com,Harpist,24-12-1976,Rome,Switzerland,2010-11-16
842,Betta,Egbert,Betta.Egbert@yopmail.com,Warden,14-01-1987,Charlotte,Bahrain,2016-10-15
843,Albertina,Jalbert,Albertina.Jalbert@yopmail.com,Carpenter,22-12-1989,Port Elizabeth,"Micronesia, Federated States of",2005-11-06
844,Imojean,Ivens,Imojean.Ivens@yopmail.com,Referee,09-11-1985,Amman,French Guiana,2007-10-24
845,Candy,Hirsch,Candy.Hirsch@yopmail.com,Astronomer,13-04-1980,Cartagena,Ethiopia,2015-06-02
846,Roberta,Ruvolo,Roberta.Ruvolo@yopmail.com,Entomologist,24-05-1978,Siem Reap,Niger,2005-11-08
847,Vinita,Lail,Vinita.Lail@yopmail.com,Truck driver,06-03-1977,Tianjin,Martinique,2019-05-14
848,Zsa Zsa,Alexandr,Zsa Zsa.Alexandr@yopmail.com,Locksmith,26-06-1983,Shenzhen,Marshall Islands,2000-12-30
849,Georgetta,Sprage,Georgetta.Sprage@yopmail.com,Explorer,25-04-1982,London,Singapore,2020-04-16
850,Sandie,Edvard,Sandie.Edvard@yopmail.com,Gardener,10-11-1984,George Town,Morocco,2006-01-15
851,Judy,Baylor,Judy.Baylor@yopmail.com,Author,25-03-1982,Ushuaia,Denmark,2006-10-25
852,Kathi,Manolo,Kathi.Manolo@yopmail.com,Welder,22-09-1983,Berlin,Faroe Islands,2005-12-09
853,Cristabel,Dudley,Cristabel.Dudley@yopmail.com,Pitcher,28-01-1970,Manzini,"Micronesia, Federated States of",2004-01-01
854,Sherrie,Bach,Sherrie.Bach@yopmail.com,Courier,02-06-1985,Nagpur,Honduras,2001-05-07
855,Stacey,Paine,Stacey.Paine@yopmail.com,Professor,30-12-1977,Málaga,Sudan,2007-03-21
856,Dolli,Maribeth,Dolli.Maribeth@yopmail.com,Woodcarver,25-06-1971,Ljubljana,Guam,2018-04-20
857,Roseline,Keily,Roseline.Keily@yopmail.com,Detective,04-07-1980,Agartala,Guinea,2003-06-15
858,Georgetta,Stilwell,Georgetta.Stilwell@yopmail.com,Economist,09-02-1989,Maceió,Dominican Republic,2012-07-13
859,Jean,Cimbura,Jean.Cimbura@yopmail.com,Entrepreneur,11-09-1985,Madrid,Gambia,2008-06-26
860,Augustine,Justinn,Augustine.Justinn@yopmail.com,Cartographer,05-10-1977,Manama,Bulgaria,2005-08-01
861,Mara,Colleen,Mara.Colleen@yopmail.com,Caregiver,10-03-1976,Mbabane,Iraq,2005-06-27
862,Stephanie,Wattenberg,Stephanie.Wattenberg@yopmail.com,Dentist,22-08-1976,Medina,Turkmenistan,2010-11-07
863,Jinny,Truc,Jinny.Truc@yopmail.com,Real estate agent,05-10-1974,Chennai,Uzbekistan,2020-09-14
864,Caryl,Lenny,Caryl.Lenny@yopmail.com,Barber,27-06-1977,Incheon,Cuba,2019-01-19
865,Hildegaard,Agle,Hildegaard.Agle@yopmail.com,Chauffeur,01-12-1977,Malacca Town,Mauritania,2003-05-19
866,Rubie,Persse,Rubie.Persse@yopmail.com,Cartographer,11-02-1977,Monterrey,Switzerland,2003-08-12
867,Millie,Ferino,Millie.Ferino@yopmail.com,Pianist,09-03-1978,Yaren District,Kenya,2020-05-30
868,Aurore,Sadowski,Aurore.Sadowski@yopmail.com,Translator,17-04-1974,Rabi Island,Georgia,2014-10-26
869,Nariko,Daveta,Nariko.Daveta@yopmail.com,Scholar,21-11-1981,Asmara,Eritrea,2015-01-23
870,Raquela,Amadas,Raquela.Amadas@yopmail.com,Counselor,11-09-1981,Iqaluit,Brazil,2019-07-08
871,Brietta,Atcliffe,Brietta.Atcliffe@yopmail.com,Street sweeper,30-08-1989,Quito,Cuba,2011-05-16
872,Henriette,Lilybelle,Henriette.Lilybelle@yopmail.com,Florist,07-02-1985,Brikama,Norfolk Island,2014-05-28
873,Jillayne,Carmena,Jillayne.Carmena@yopmail.com,Ornithologist,29-10-1989,Singapore,Philippines,2019-12-01
874,Marnia,Karl,Marnia.Karl@yopmail.com,Entomologist,09-04-1977,Amman,Hungary,2015-04-06
875,Mady,Fadiman,Mady.Fadiman@yopmail.com,Cellist,16-02-1985,Namangan,Luxembourg,2003-01-23
876,Kelly,Billye,Kelly.Billye@yopmail.com,Ecologist,14-06-1970,Memphis,Mauritania,2020-12-10
877,Hayley,Suzetta,Hayley.Suzetta@yopmail.com,Surgeon,26-05-1979,Kathmandu,Zimbabwe,2006-02-23
878,Phedra,Joni,Phedra.Joni@yopmail.com,Stockbroker,26-02-1971,Bridgetown,Fiji,2002-11-30
879,Pierette,Moseley,Pierette.Moseley@yopmail.com,Exterminator,16-06-1976,Birmingham,France,2011-08-18
880,Norine,Screens,Norine.Screens@yopmail.com,Investigator,02-08-1985,Nassau,Liberia,2020-01-19
881,Jany,Stav,Jany.Stav@yopmail.com,Welder,05-12-1977,Tokyo,Namibia,2014-04-26
882,Emma,Adore,Emma.Adore@yopmail.com,Ornithologist,29-01-1986,Taipei,Bulgaria,2010-11-11
883,Annecorinne,Vacuva,Annecorinne.Vacuva@yopmail.com,Astronomer,11-08-1976,Jakarta,Indonesia,2008-01-26
884,Paule,Dorine,Paule.Dorine@yopmail.com,Manager,31-05-1975,Sana'a,Italy,2008-09-03
885,Neila,Dorine,Neila.Dorine@yopmail.com,Chauffeur,15-12-1987,Banda Aceh,Belgium,2006-09-11
886,Caressa,Marijo,Caressa.Marijo@yopmail.com,Exterminator,25-04-1974,Astana,Christmas Island,2008-07-16
887,Rayna,Florina,Rayna.Florina@yopmail.com,Producer,19-01-1986,Sana'a,Malawi,2007-08-12
888,Brana,Zitvaa,Brana.Zitvaa@yopmail.com,Rancher,22-09-1974,Luxor,Greenland,2014-08-17
889,Chastity,Ulphia,Chastity.Ulphia@yopmail.com,Psychologist,31-10-1989,Perth,Wallis and Futuna,2006-08-25
890,Gabi,Shirberg,Gabi.Shirberg@yopmail.com,Garbage man,11-01-1978,The Hague,Togo,2005-09-20
891,Consuela,Hanshaw,Consuela.Hanshaw@yopmail.com,Diver,02-04-1985,Lobamba,Mauritania,2008-12-08
892,Katleen,Anestassia,Katleen.Anestassia@yopmail.com,Custodian,14-02-1976,Vitória,Greece,2007-07-04
893,Kimmy,Pyle,Kimmy.Pyle@yopmail.com,Scientist,25-11-1977,Qingdao,Estonia,2000-09-05
894,Keelia,Neva,Keelia.Neva@yopmail.com,Catcher,18-08-1983,Zanzibar City,Uganda,2003-06-24
895,Sidoney,Howlyn,Sidoney.Howlyn@yopmail.com,Producer,20-04-1980,Anchorage,Colombia,2011-06-13
896,Tierney,Macey,Tierney.Macey@yopmail.com,Doorman,30-09-1982,Tehran,Paraguay,2003-11-18
897,Keelia,Sammons,Keelia.Sammons@yopmail.com,Mayor,25-02-1979,Kansas City,Morocco,2002-04-19
898,Bobinette,Wesle,Bobinette.Wesle@yopmail.com,Illustrator,02-03-1979,Palma,Belize,2006-11-26
899,Tybie,Larochelle,Tybie.Larochelle@yopmail.com,Lifeguard,08-12-1981,Chuí,Greenland,2008-05-02
900,Myriam,Marisa,Myriam.Marisa@yopmail.com,Linguist,30-07-1973,Okinawa,Viet Nam,2005-05-07
901,Clementine,Gregrory,Clementine.Gregrory@yopmail.com,Dermatologist,21-11-1977,Lhasa,India,2006-04-15
902,Sibella,Kosey,Sibella.Kosey@yopmail.com,Ballet dancer,15-08-1974,Charlotte,Barbados,2018-05-07
903,Goldie,Demitria,Goldie.Demitria@yopmail.com,Jester,12-07-1982,Maceió,Indonesia,2005-10-30
904,Jolyn,Trey,Jolyn.Trey@yopmail.com,Football player,27-02-1973,Dar es Salaam,Panama,2003-12-29
905,Stacey,Norrie,Stacey.Norrie@yopmail.com,Paleontologist,11-06-1981,Manchester,Albania,2016-10-27
906,Cathyleen,Franza,Cathyleen.Franza@yopmail.com,Mail carrier,07-04-1975,Santa Cruz de Tenerife,United Kingdom,2020-12-28
907,Deloria,Stover,Deloria.Stover@yopmail.com,Lyricist,11-08-1972,Antwerp,Bolivia,2005-07-13
908,Meriel,Lorenz,Meriel.Lorenz@yopmail.com,Football player,06-03-1977,Bloemfontein,Mozambique,2020-10-09
909,Jordan,Skurnik,Jordan.Skurnik@yopmail.com,Lawyer,07-04-1983,Bratsk,Slovakia,2001-02-19
910,Sidoney,Xerxes,Sidoney.Xerxes@yopmail.com,Sailor,14-07-1989,Maseru,RWANDA,2015-02-18
911,Carlie,Parette,Carlie.Parette@yopmail.com,Professor,14-04-1985,Lomé,Mali,2012-04-26
912,Raina,Meter,Raina.Meter@yopmail.com,Model,16-09-1984,Harbin,Haiti,2019-07-01
913,Collen,Wareing,Collen.Wareing@yopmail.com,Entrepreneur,30-01-1972,Valencia,"Moldova, Republic of",2011-09-29
914,Louella,Buckler,Louella.Buckler@yopmail.com,Barber,27-11-1973,Paramaribo,Monaco,2007-04-16
915,Belva,Ciapas,Belva.Ciapas@yopmail.com,Harpist,04-07-1977,Wichita,Guam,2019-06-18
916,Corry,Sandye,Corry.Sandye@yopmail.com,Soldier,15-02-1985,Papeete,Sierra Leone,2005-09-05
917,Bertine,Frodi,Bertine.Frodi@yopmail.com,Accountant,12-09-1970,Conakry,Kenya,2016-03-25
918,Deloria,Love,Deloria.Love@yopmail.com,Office worker,14-12-1986,Louisville,Nicaragua,2004-02-19
919,Ekaterina,Bow,Ekaterina.Bow@yopmail.com,Lawyer,04-05-1984,Medina,United Kingdom,2012-09-15
920,Petronia,Demitria,Petronia.Demitria@yopmail.com,Carpenter,02-03-1974,Porto-Novo,Kazakhstan,2008-07-01
921,Nyssa,Frendel,Nyssa.Frendel@yopmail.com,Zoologist,07-08-1974,Hanover,Angola,2013-10-11
922,Chere,Sancho,Chere.Sancho@yopmail.com,Ranger,31-12-1985,Buffalo,Guam,2007-08-03
923,Nariko,Lipson,Nariko.Lipson@yopmail.com,Scholar,16-04-1983,Belize City,San Marino,2015-04-17
924,Eolanda,Diogenes,Eolanda.Diogenes@yopmail.com,Negotiator,12-08-1970,Asmara,Nepal,2004-04-03
925,Melodie,Ferino,Melodie.Ferino@yopmail.com,Ambassador,27-05-1970,Yogyakarta (city),Austria,2018-01-05
926,Ericka,Rudolph,Ericka.Rudolph@yopmail.com,Bus driver,21-12-1981,Luxembourg (city),Ethiopia,2005-04-13
927,Christy,Lea,Christy.Lea@yopmail.com,Gardener,25-12-1972,Indianapolis,Belize,2010-05-30
928,Lita,Anyah,Lita.Anyah@yopmail.com,Explorer,19-10-1989,Kobe,Ukraine,2000-02-06
929,Tonia,Hutchison,Tonia.Hutchison@yopmail.com,Violinist,25-06-1988,Memphis,Morocco,2006-11-26
930,Emmey,Wandie,Emmey.Wandie@yopmail.com,Veteran,11-09-1984,Minneapolis,Burkina Faso,2014-12-06
931,Max,Bultman,Max.Bultman@yopmail.com,Painter,16-03-1982,Dallas,Kiribati,2020-09-17
932,Andeee,Delacourt,Andeee.Delacourt@yopmail.com,Waitress,05-11-1978,Dushanbe,Isle of Man,2000-10-08
933,Tressa,Marsden,Tressa.Marsden@yopmail.com,Trainer,01-08-1971,Concepción,Saudi Arabia,2001-02-08
934,Misha,Kiyoshi,Misha.Kiyoshi@yopmail.com,Pawnbroker,17-07-1972,Saint Petersburg,Kyrgyzstan,2003-10-29
935,Dale,Weaks,Dale.Weaks@yopmail.com,Ballet dancer,20-11-1974,Oklahoma City,Pakistan,2001-01-17
936,Tersina,Tiffa,Tersina.Tiffa@yopmail.com,Tennis player,13-09-1970,Cayenne,Guernsey,2021-04-11
937,Aigneis,Atcliffe,Aigneis.Atcliffe@yopmail.com,Grocer,08-09-1988,Harbin,Benin,2015-11-12
938,Kimmy,Raimondo,Kimmy.Raimondo@yopmail.com,Umpire,27-12-1974,Santa Cruz de Tenerife,Tunisia,2014-12-27
939,Eadie,Bollay,Eadie.Bollay@yopmail.com,Receptionist,21-07-1975,Yaren District,Qatar,2009-07-06
940,Ruthe,Vary,Ruthe.Vary@yopmail.com,Real estate agent,06-11-1976,Tokyo,Sierra Leone,2014-04-01
941,Donnie,Marlie,Donnie.Marlie@yopmail.com,Architect,27-02-1984,Pristina,Western Sahara,2021-08-15
942,Regina,Karl,Regina.Karl@yopmail.com,Trainer,18-01-1974,Nuuk,Mongolia,2000-07-21
943,Arlina,Olin,Arlina.Olin@yopmail.com,Politician,31-01-1971,Ciudad del Este,Kiribati,2019-03-08
944,Elyssa,Vary,Elyssa.Vary@yopmail.com,Gardener,17-03-1987,Harbin,Central African Republic,2013-09-19
945,Carmencita,Hurley,Carmencita.Hurley@yopmail.com,Trash collector,29-03-1970,Colombo,Bouvet Island,2005-05-27
946,Cyndie,Heidt,Cyndie.Heidt@yopmail.com,Psychologist,19-10-1984,Pontianak,Mauritania,2007-10-04
947,Cristabel,Keily,Cristabel.Keily@yopmail.com,Technician,12-07-1986,Hangzhou,Angola,2010-08-22
948,Kaja,Dunkin,Kaja.Dunkin@yopmail.com,Street sweeper,16-03-1977,Rawalpindi,Vanuatu,2021-05-03
949,Claudina,Jenness,Claudina.Jenness@yopmail.com,Biologist,26-08-1975,Mersin,Cook Islands,2002-09-28
950,Britte,Bronk,Britte.Bronk@yopmail.com,Gemcutter,19-06-1982,Surat,Haiti,2007-11-12
951,Lelah,Dichy,Lelah.Dichy@yopmail.com,Pianist,25-07-1971,Jacksonville,Djibouti,2007-03-22
952,Jillayne,Orelee,Jillayne.Orelee@yopmail.com,Firefighter,14-12-1976,Praia,Denmark,2003-04-18
953,Brynna,Haldas,Brynna.Haldas@yopmail.com,Illustrator,31-01-1975,Cincinnati,Åland Islands,2004-01-09
954,Rori,Baylor,Rori.Baylor@yopmail.com,Electrician,06-01-1986,Damascus,Iceland,2014-03-27
955,Alie,Radu,Alie.Radu@yopmail.com,Typist,29-12-1970,Nashville,Falkland Islands (Malvinas),2018-06-26
956,Yvonne,Hazlett,Yvonne.Hazlett@yopmail.com,Clergyman,18-09-1977,Valencia,Burundi,2013-02-23
957,Leanna,Fancie,Leanna.Fancie@yopmail.com,Gemcutter,12-08-1979,Ndola,French Polynesia,2005-10-24
958,Marleah,Krystle,Marleah.Krystle@yopmail.com,Reporter,17-05-1973,Port Hedland,Norfolk Island,2011-04-25
959,Marnia,Chabot,Marnia.Chabot@yopmail.com,Representative,16-02-1975,Kota Bharu,"Micronesia, Federated States of",2012-11-04
960,Lusa,Bevin,Lusa.Bevin@yopmail.com,Football player,31-12-1988,Mumbai,Albania,2001-04-30
961,Belinda,Mata,Belinda.Mata@yopmail.com,Designer,25-01-1976,Nanning,Bahrain,2015-12-22
962,Maye,Aloise,Maye.Aloise@yopmail.com,Fisherman,03-09-1979,Madrid,Turkey,2016-09-02
963,Lolita,Daegal,Lolita.Daegal@yopmail.com,Courier,11-06-1981,Kuala Lumpur,Ecuador,2003-03-15
964,Tierney,Othilia,Tierney.Othilia@yopmail.com,Notary,20-11-1989,Port Hedland,"Moldova, Republic of",2008-01-19
965,Madalyn,Berard,Madalyn.Berard@yopmail.com,Radiologist,20-12-1970,El Aaiún,Portugal,2014-04-04
966,Nessie,Deny,Nessie.Deny@yopmail.com,Geographer,10-12-1977,Invercargill,Northern Mariana Islands,2014-07-08
967,Cathyleen,Matthew,Cathyleen.Matthew@yopmail.com,Designer,06-01-1981,Castries,Djibouti,2014-12-01
968,Almeta,Janith,Almeta.Janith@yopmail.com,Singer,16-06-1979,Hangzhou,Egypt,2003-04-29
969,Dorice,Thad,Dorice.Thad@yopmail.com,Librettist,30-10-1981,Sarajevo,Chad,2020-08-20
970,Fred,Sholley,Fred.Sholley@yopmail.com,Entomologist,05-07-1970,Tianjin,"Taiwan, Province of China",2011-06-13
971,Emelina,Ashok,Emelina.Ashok@yopmail.com,Journalist,20-09-1985,Port Vila,Puerto Rico,2008-03-15
972,Melodie,Elvyn,Melodie.Elvyn@yopmail.com,Lifeguard,18-01-1985,Copenhagen,Burundi,2004-03-13
973,Ursulina,Swanhildas,Ursulina.Swanhildas@yopmail.com,Secretary,07-01-1977,Mecca,Marshall Islands,2007-02-12
974,Deloria,Glenden,Deloria.Glenden@yopmail.com,Psychologist,16-06-1979,Düsseldorf,Antigua and Barbuda,2006-10-08
975,Chloris,Heisel,Chloris.Heisel@yopmail.com,Astronomer,22-04-1978,Ilhéus,Congo,2008-02-03
976,Madelle,Santoro,Madelle.Santoro@yopmail.com,Negotiator,09-04-1978,Ibiza,Malaysia,2008-03-08
977,Arabel,Dielu,Arabel.Dielu@yopmail.com,Lyricist,07-10-1970,Philadelphia,Estonia,2018-06-25
978,Karlee,Stevy,Karlee.Stevy@yopmail.com,Clergyman,05-01-1972,Mogadishu,Venezuela,2006-04-23
979,Lusa,Anyah,Lusa.Anyah@yopmail.com,Plumber,22-09-1982,Singapore,China,2003-03-01
980,Gwyneth,Sholley,Gwyneth.Sholley@yopmail.com,Taxidermist,20-04-1972,Havana,South Africa,2012-04-04
981,Patricia,Trinetta,Patricia.Trinetta@yopmail.com,Bus driver,18-05-1982,Omsk,Pakistan,2019-07-22
982,Alyssa,Gaynor,Alyssa.Gaynor@yopmail.com,Babysitter,31-10-1980,Shenzhen,Saint Lucia,2020-02-01
983,Mady,Leler,Mady.Leler@yopmail.com,Radiologist,30-06-1976,Brazzaville,Finland,2013-05-15
984,Phylis,Norvol,Phylis.Norvol@yopmail.com,Engineer,30-06-1971,Salzburg,Northern Mariana Islands,2021-04-05
985,Mureil,Tristram,Mureil.Tristram@yopmail.com,Entrepreneur,29-10-1971,Thimphu,Chile,2004-10-02
986,Margette,Mandler,Margette.Mandler@yopmail.com,Police,12-08-1988,Kobe,Brazil,2018-12-23
987,Dagmar,Swigart,Dagmar.Swigart@yopmail.com,Miner,08-03-1971,Hai Phong,Ukraine,2006-04-11
988,Georgina,Rozanna,Georgina.Rozanna@yopmail.com,Notary,12-09-1984,San Francisco,Pitcairn,2007-04-20
989,Dyann,Roscoe,Dyann.Roscoe@yopmail.com,Performer,13-08-1977,Manzini,Albania,2018-01-17
990,Anallese,Vittoria,Anallese.Vittoria@yopmail.com,Veteran,18-07-1973,São José dos Campos,Tajikistan,2019-10-01
991,Esmeralda,Bow,Esmeralda.Bow@yopmail.com,Restauranteur,05-05-1983,Sri Jayawardenapura-Kotte,Belarus,2000-03-22
992,Lucy,Nerita,Lucy.Nerita@yopmail.com,Bookkeeper,08-10-1988,Abidjan,Angola,2018-10-16
993,Fredericka,Raychel,Fredericka.Raychel@yopmail.com,Police,19-02-1976,Manila,Japan,2012-04-26
994,Melodie,Linskey,Melodie.Linskey@yopmail.com,Navigator,04-05-1977,Ciudad del Este,Colombia,2004-06-14
995,Glynnis,Boehike,Glynnis.Boehike@yopmail.com,Chemist,08-05-1983,Providence,Cape Verde,2002-04-29
996,Max,Vacuva,Max.Vacuva@yopmail.com,Gardener,03-08-1971,Padang,Guinea,2012-02-07
997,Lisette,Dosia,Lisette.Dosia@yopmail.com,Navigator,04-01-1983,Detroit,Senegal,2005-12-16
998,Gisela,Velick,Gisela.Velick@yopmail.com,Nun,03-10-1970,Kaliningrad,Sierra Leone,2002-11-26
999,Lyssa,Sinegold,Lyssa.Sinegold@yopmail.com,Baseball player,02-11-1988,Oklahoma City,Saint Vincent and the Grenadines,2016-11-27
1000,Brena,Brady,Brena.Brady@yopmail.com,Poet,27-11-1979,Yogyakarta (city),Iraq,2002-10-21
1001,Jany,Persse,Jany.Persse@yopmail.com,Novelist,18-10-1986,Ulan Bator,Saint Vincent and the Grenadines,2005-01-09
1002,Agnese,Roarke,Agnese.Roarke@yopmail.com,Workman,09-12-1979,Nuuk,Kazakhstan,2003-06-13
1003,Jenda,Zola,Jenda.Zola@yopmail.com,Paleontologist,28-01-1972,Tehran,Philippines,2007-12-12
1004,Caryl,Gale,Caryl.Gale@yopmail.com,Clergywoman,14-03-1989,Srinagar,Åland Islands,2006-11-24
1005,Carmencita,Sabella,Carmencita.Sabella@yopmail.com,Mathematician,16-02-1973,Luxembourg (city),Israel,2017-07-30
1006,Jan,Pulsifer,Jan.Pulsifer@yopmail.com,Investigator,10-07-1981,Ho Chi Minh City,Guam,2013-02-18
1007,Shaylyn,Ilka,Shaylyn.Ilka@yopmail.com,Registrar,22-01-1989,Vancouver,Ghana,2005-10-27
1008,Marylou,Vharat,Marylou.Vharat@yopmail.com,Cashier,26-11-1971,Houston,Italy,2020-07-16
1009,Rochette,Virgin,Rochette.Virgin@yopmail.com,Sailor,09-12-1975,Marrakech,Macao,2001-08-31
1010,Oona,Lanita,Oona.Lanita@yopmail.com,Grocer,22-05-1987,Simferopol,French Southern Territories,2014-08-01
1011,Courtnay,Bearnard,Courtnay.Bearnard@yopmail.com,Coroner,23-05-1977,Iquitos,Cameroon,2000-12-26
1012,Kaia,Colp,Kaia.Colp@yopmail.com,Optician,24-06-1971,Shillong,Mali,2014-09-17
1013,Farrah,Schenck,Farrah.Schenck@yopmail.com,Registrar,22-07-1989,Jacksonville,Samoa,2020-03-04
1014,Cathyleen,Dichy,Cathyleen.Dichy@yopmail.com,Saleswoman,27-04-1974,Belfast,Guatemala,2014-10-25
1015,Tera,Zitvaa,Tera.Zitvaa@yopmail.com,Veterinarian,03-10-1978,Suva,Palau,2011-05-15
1016,Carly,Bates,Carly.Bates@yopmail.com,Cab driver,02-08-1989,Munich,Guatemala,2021-03-21
1017,Lonnie,Bevin,Lonnie.Bevin@yopmail.com,Violinist,16-11-1975,Kawasaki,United States Minor Outlying Islands,2009-02-24
1018,Antonietta,Arathorn,Antonietta.Arathorn@yopmail.com,Biologist,14-05-1989,Fort-de-France,Japan,2016-05-29
1019,Louella,Keily,Louella.Keily@yopmail.com,Painter,28-03-1984,Denver,"Taiwan, Province of China",2006-02-02
1020,Stephanie,Johanna,Stephanie.Johanna@yopmail.com,Manager,13-06-1977,Nassau,Northern Mariana Islands,2015-04-11
1021,Barbara,Devlen,Barbara.Devlen@yopmail.com,Auctioneer,01-12-1970,Memphis,Samoa,2019-03-14
1022,Wileen,Hashim,Wileen.Hashim@yopmail.com,Custodian,30-10-1989,Paris,Equatorial Guinea,2001-04-07
1023,Dorothy,Zola,Dorothy.Zola@yopmail.com,Secretary,03-10-1985,Cape Town,New Caledonia,2011-06-23
1024,Verla,Syd,Verla.Syd@yopmail.com,Politician,19-09-1985,Tianjin,Saint Pierre and Miquelon,2019-02-18
1025,Elie,Mitzi,Elie.Mitzi@yopmail.com,Plumber,05-08-1989,Bishkek,Tajikistan,2015-06-19
1026,Flo,Barbey,Flo.Barbey@yopmail.com,Doorman,13-01-1986,Mecca,United States,2020-02-17
1027,Valeda,Stefa,Valeda.Stefa@yopmail.com,Bowler,07-10-1977,Moroni,Italy,2016-04-07
1028,Leona,Alejoa,Leona.Alejoa@yopmail.com,Pathologist,17-04-1985,Stockholm,Bulgaria,2020-02-19
1029,Harrietta,Wandie,Harrietta.Wandie@yopmail.com,Politician,17-04-1984,Iquique,New Caledonia,2005-11-19
1030,Fanny,Shuler,Fanny.Shuler@yopmail.com,Poet,16-10-1987,Hargeisa,Bulgaria,2001-06-29
1031,Vita,Gahl,Vita.Gahl@yopmail.com,Registrar,22-06-1978,Multan,Peru,2006-07-13
1032,Hermione,Wenda,Hermione.Wenda@yopmail.com,Hunter,23-04-1980,Jeddah,Niue,2007-08-14
1033,Fanny,Dyche,Fanny.Dyche@yopmail.com,Geneticist,14-09-1970,Nuuk,"Palestinian Territory, Occupied",2004-05-01
1034,Minda,Ambrosia,Minda.Ambrosia@yopmail.com,Navigator,16-07-1986,Sarajevo,Austria,2016-10-13
1035,Leia,Ezar,Leia.Ezar@yopmail.com,Cobbler,22-05-1985,Kobe,Viet Nam,2020-03-21
1036,Mahalia,Naor,Mahalia.Naor@yopmail.com,Carpenter,24-02-1989,Nakhon Ratchasima,Saint Lucia,2012-08-12
1037,Eadie,Boehike,Eadie.Boehike@yopmail.com,Pitcher,17-11-1972,Monterrey,Bahrain,2012-12-25
1038,Julieta,Tippets,Julieta.Tippets@yopmail.com,Waitress,11-08-1983,Jaipur,Cameroon,2018-09-18
1039,Aigneis,Raul,Aigneis.Raul@yopmail.com,Performer,27-10-1973,Kuala Lumpur,Hong Kong,2011-08-01
1040,Cacilie,Nadia,Cacilie.Nadia@yopmail.com,Carpenter,16-11-1981,Paramaribo,Bosnia and Herzegovina,2008-05-10
1041,Concettina,Poppy,Concettina.Poppy@yopmail.com,Postman,15-11-1988,Shigatse,Russian Federation,2016-02-09
1042,Tierney,Papageno,Tierney.Papageno@yopmail.com,Veteran,07-11-1976,Horta (Azores),Saint Helena,2004-10-26
1043,Tiffie,Melleta,Tiffie.Melleta@yopmail.com,Model,01-03-1974,Valdivia,AndorrA,2016-12-26
1044,Robbi,Timon,Robbi.Timon@yopmail.com,Nun,06-08-1989,São Paulo,Philippines,2010-04-27
1045,Fred,Goode,Fred.Goode@yopmail.com,Umpire,14-07-1986,Tórshavn,Mali,2012-01-29
1046,Meg,Annabella,Meg.Annabella@yopmail.com,Clerk,11-03-1985,Tartu,Dominica,2013-05-19
1047,Lucy,Chabot,Lucy.Chabot@yopmail.com,Nutritionist,20-10-1976,Jakarta,Guatemala,2003-11-13
1048,Damaris,Bakerman,Damaris.Bakerman@yopmail.com,Sailor,14-05-1985,Fort-de-France,"Korea, Democratic People""S Republic of",2012-02-10
1049,Chastity,Odysseus,Chastity.Odysseus@yopmail.com,Real estate agent,04-12-1986,Lahore,Slovenia,2017-12-03
1050,Max,Brandice,Max.Brandice@yopmail.com,Pediatrician,30-10-1970,Port Louis,Guam,2013-04-13
1051,Bertine,Burnside,Bertine.Burnside@yopmail.com,Chef,24-04-1970,Kiev,United Kingdom,2021-10-20
1052,Tybie,Ummersen,Tybie.Ummersen@yopmail.com,Office worker,01-03-1987,Lobamba,Bahrain,2014-12-09
1053,Corene,Couture,Corene.Couture@yopmail.com,,10-06-1974,Patna,Trinidad and Tobago,2005-11-29
1054,Inga,Milde,Inga.Milde@yopmail.com,Babysitter,30-06-1980,Cairo,Guinea,2011-08-12
1055,Alex,Nester,Alex.Nester@yopmail.com,Bookkeeper,13-10-1985,Monrovia,Thailand,2008-03-24
1056,Dania,Corilla,Dania.Corilla@yopmail.com,Bookkeeper,18-04-1982,Chongjin,Antarctica,2002-06-20
1057,Dorene,Kenney,Dorene.Kenney@yopmail.com,Jailer,06-12-1970,Baltimore,Palau,2014-09-28
1058,Clo,Astra,Clo.Astra@yopmail.com,Accountant,26-09-1975,Valencia,Ireland,2008-01-11
1059,Joceline,Lissi,Joceline.Lissi@yopmail.com,Pianist,09-11-1975,Douglas,Namibia,2018-02-06
1060,Bernardine,Tamar,Bernardine.Tamar@yopmail.com,Mathematician,20-10-1974,Veracruz,American Samoa,2004-04-11
1061,Hayley,Ioab,Hayley.Ioab@yopmail.com,Geneticist,09-06-1972,Gold Coast,Mali,2008-10-20
1062,Nikki,Chesna,Nikki.Chesna@yopmail.com,Cryptographer,28-08-1976,Salt Lake City,Namibia,2011-05-23
1063,Jacquetta,Merriott,Jacquetta.Merriott@yopmail.com,,21-11-1983,Cayenne,Marshall Islands,2012-05-15
1064,Amii,Edison,Amii.Edison@yopmail.com,Videographer,16-03-1974,Kyoto,Bouvet Island,2014-03-16
1065,Cassandra,Sophronia,Cassandra.Sophronia@yopmail.com,Manager,02-10-1984,Naypyidaw,Sri Lanka,2018-10-31
1066,Paule,Casimir,Paule.Casimir@yopmail.com,Miner,23-07-1981,Adelaide,Australia,2000-09-21
1067,Leia,Bord,Leia.Bord@yopmail.com,Landlord,31-08-1989,Innsbruck,"Moldova, Republic of",2011-04-29
1068,Kirstin,Klemperer,Kirstin.Klemperer@yopmail.com,Butler,12-08-1976,Bridgetown,Wallis and Futuna,2014-03-08
1069,Ericka,Jacobah,Ericka.Jacobah@yopmail.com,Stockbroker,07-08-1981,Malang,Philippines,2000-09-10
1070,Margarette,Corabella,Margarette.Corabella@yopmail.com,Trash collector,21-11-1971,Maseru,Indonesia,2001-05-04
1071,Marnia,Armanda,Marnia.Armanda@yopmail.com,Security guard,13-11-1972,Cebu City,Guadeloupe,2015-02-21
1072,Dawn,Greyson,Dawn.Greyson@yopmail.com,Astronaut,18-09-1986,Tashkent,Liberia,2001-10-02
1073,Ninnetta,Eiser,Ninnetta.Eiser@yopmail.com,Miner,21-03-1981,Palikir,Costa Rica,2007-12-11
1074,Cecile,Azeria,Cecile.Azeria@yopmail.com,Scientist,07-12-1977,Monterrey,Tajikistan,2011-12-18
1075,Christian,Kamaria,Christian.Kamaria@yopmail.com,Taxidermist,15-12-1973,Dededo,Bahrain,2002-12-26
1076,Hildegaard,Thar,Hildegaard.Thar@yopmail.com,Mayor,24-07-1975,Hamilton,Oman,2000-11-09
1077,Fayre,Daniele,Fayre.Daniele@yopmail.com,Security guard,12-01-1974,Boston,Yemen,2019-03-28
1078,Raf,Uund,Raf.Uund@yopmail.com,Technician,09-07-1983,Kandahar,Faroe Islands,2017-04-27
1079,Averyl,August,Averyl.August@yopmail.com,Ranger,22-08-1974,Kuching,Nigeria,2008-06-02
1080,Fidelia,Salchunas,Fidelia.Salchunas@yopmail.com,Receptionist,18-12-1978,Cusco,Bouvet Island,2017-10-18
1081,Chere,O'Rourke,Chere.O'Rourke@yopmail.com,Educator,07-10-1981,Porto Alegre,Bahrain,2012-02-15
1082,Sheree,Adrienne,Sheree.Adrienne@yopmail.com,Pianist,22-12-1983,Bucharest,Pitcairn,2002-12-01
1083,Clo,Ummersen,Clo.Ummersen@yopmail.com,Writer,02-08-1971,Mecca,Papua New Guinea,2016-10-23
1084,Lusa,Delila,Lusa.Delila@yopmail.com,Garbage man,13-12-1975,Hilo,Egypt,2016-04-07
1085,Alexine,Kirbee,Alexine.Kirbee@yopmail.com,Magician,17-02-1982,Lucknow,Mozambique,2016-04-24
1086,Elka,Howlyn,Elka.Howlyn@yopmail.com,Taxi driver,05-05-1981,Ciudad del Este,Switzerland,2014-02-08
1087,Candy,Chick,Candy.Chick@yopmail.com,Interpreter,03-03-1973,Valdivia,Viet Nam,2000-07-28
1088,Patricia,Bohlin,Patricia.Bohlin@yopmail.com,Interpreter,14-01-1987,Canberra,Guatemala,2006-01-07
1089,Addia,Felizio,Addia.Felizio@yopmail.com,Poet,13-07-1977,Sacramento,Bangladesh,2009-10-15
1090,Sophia,Burch,Sophia.Burch@yopmail.com,Cobbler,30-12-1988,Gothenburg,Libyan Arab Jamahiriya,2000-02-16
1091,Dianemarie,Rillings,Dianemarie.Rillings@yopmail.com,Baker,19-12-1989,Townsville,"Virgin Islands, U.S.",2021-03-02
1092,Moyna,Stuart,Moyna.Stuart@yopmail.com,Operator,06-04-1976,Asmara,Finland,2007-08-22
1093,Damaris,Leffen,Damaris.Leffen@yopmail.com,Detective,24-03-1979,Baku,Mali,2017-05-06
1094,Annice,Estella,Annice.Estella@yopmail.com,Plumber,06-02-1989,Oslo,Mauritius,2011-12-12
1095,Cecile,Alrich,Cecile.Alrich@yopmail.com,Saleswoman,28-02-1970,Maputo,Zimbabwe,2002-01-06
1096,Dede,Noam,Dede.Noam@yopmail.com,Chef,23-06-1977,Santiago,Uruguay,2000-02-20
1097,Vanessa,Tacye,Vanessa.Tacye@yopmail.com,Author,28-09-1980,Chongqing,Malawi,2007-12-27
1098,Katharina,Roxanna,Katharina.Roxanna@yopmail.com,Pope,08-01-1980,Moscow,Faroe Islands,2000-11-27
1099,Carlie,Kathie,Carlie.Kathie@yopmail.com,Mathematician,23-04-1972,Pago Pago,Gibraltar,2014-03-12